-- MySQL dump 10.13  Distrib 5.7.11, for osx10.11 (x86_64)
--
-- Host: localhost    Database: event
-- ------------------------------------------------------
-- Server version	5.5.25

/*!40101 SET @OLD_CHARACTER_SET_CLIENT=@@CHARACTER_SET_CLIENT */;
/*!40101 SET @OLD_CHARACTER_SET_RESULTS=@@CHARACTER_SET_RESULTS */;
/*!40101 SET @OLD_COLLATION_CONNECTION=@@COLLATION_CONNECTION */;
/*!40101 SET NAMES utf8 */;
/*!40103 SET @OLD_TIME_ZONE=@@TIME_ZONE */;
/*!40103 SET TIME_ZONE='+00:00' */;
/*!40014 SET @OLD_UNIQUE_CHECKS=@@UNIQUE_CHECKS, UNIQUE_CHECKS=0 */;
/*!40014 SET @OLD_FOREIGN_KEY_CHECKS=@@FOREIGN_KEY_CHECKS, FOREIGN_KEY_CHECKS=0 */;
/*!40101 SET @OLD_SQL_MODE=@@SQL_MODE, SQL_MODE='NO_AUTO_VALUE_ON_ZERO' */;
/*!40111 SET @OLD_SQL_NOTES=@@SQL_NOTES, SQL_NOTES=0 */;

--
-- Table structure for table `budget`
--

DROP TABLE IF EXISTS `budget`;
/*!40101 SET @saved_cs_client     = @@character_set_client */;
/*!40101 SET character_set_client = utf8 */;
CREATE TABLE `budget` (
  `id` int(11) NOT NULL AUTO_INCREMENT,
  `event_id` int(11) NOT NULL,
  PRIMARY KEY (`id`,`event_id`),
  KEY `fk_budget_event1_idx` (`event_id`),
  CONSTRAINT `fk_budget_event1` FOREIGN KEY (`event_id`) REFERENCES `event` (`id`) ON DELETE NO ACTION ON UPDATE NO ACTION
) ENGINE=InnoDB AUTO_INCREMENT=19 DEFAULT CHARSET=utf8;
/*!40101 SET character_set_client = @saved_cs_client */;

--
-- Dumping data for table `budget`
--

LOCK TABLES `budget` WRITE;
/*!40000 ALTER TABLE `budget` DISABLE KEYS */;
INSERT INTO `budget` VALUES (12,46),(13,47),(14,48),(15,49),(16,50),(18,52);
/*!40000 ALTER TABLE `budget` ENABLE KEYS */;
UNLOCK TABLES;

--
-- Table structure for table `event`
--

DROP TABLE IF EXISTS `event`;
/*!40101 SET @saved_cs_client     = @@character_set_client */;
/*!40101 SET character_set_client = utf8 */;
CREATE TABLE `event` (
  `id` int(11) NOT NULL AUTO_INCREMENT,
  `name` varchar(45) NOT NULL,
  `date_start` datetime NOT NULL,
  `date_end` datetime DEFAULT NULL,
  `description` varchar(255) DEFAULT NULL,
  `setup_start` datetime DEFAULT NULL,
  `teardown_end` datetime DEFAULT NULL,
  PRIMARY KEY (`id`)
) ENGINE=InnoDB AUTO_INCREMENT=53 DEFAULT CHARSET=utf8;
/*!40101 SET character_set_client = @saved_cs_client */;

--
-- Dumping data for table `event`
--

LOCK TABLES `event` WRITE;
/*!40000 ALTER TABLE `event` DISABLE KEYS */;
INSERT INTO `event` VALUES (46,'Beach Bash','2016-05-14 17:00:00','2016-05-14 22:00:00','Lorem ipsum dolor sit amet, consectetur adipiscing elit.','2016-05-14 12:00:00','2016-05-15 02:00:00'),(47,'Carnival','2016-04-08 21:00:00','2016-04-08 23:00:00','Lorem ipsum dolor sit amet, consectetur adipiscing elit.','2016-04-08 17:00:00','2016-04-09 01:00:00'),(48,'Coffee & Canvas','2016-01-22 19:00:00','2016-01-22 21:00:00','Lorem ipsum dolor sit amet, consectetur adipiscing elit.','2016-01-22 17:00:00','2016-01-22 23:00:00'),(49,'Late Night @ TU','2015-10-24 19:00:00','2015-10-24 21:30:00','Lorem ipsum dolor sit amet, consectetur adipiscing elit.','2015-10-23 17:00:00','2015-10-25 17:00:00'),(50,'Club Fair','2016-04-14 19:00:00','2016-04-14 21:00:00','Lorem ipsum dolor sit amet, consectetur adipiscing elit.','2016-04-14 09:00:00','2016-04-15 00:00:00'),(52,'Commencement','2016-05-21 14:00:00','2016-05-21 17:00:00','Lorem ipsum dolor sit amet, consectetur adipiscing elit.','2016-05-20 12:00:00','2016-05-23 17:00:00');
/*!40000 ALTER TABLE `event` ENABLE KEYS */;
UNLOCK TABLES;

--
-- Table structure for table `event_for_user`
--

DROP TABLE IF EXISTS `event_for_user`;
/*!40101 SET @saved_cs_client     = @@character_set_client */;
/*!40101 SET character_set_client = utf8 */;
CREATE TABLE `event_for_user` (
  `assignedTo` varchar(45) NOT NULL,
  `event_id` int(11) NOT NULL,
  PRIMARY KEY (`event_id`,`assignedTo`),
  KEY `fk_event_for_user_user1_idx` (`assignedTo`),
  KEY `fk_event_for_user_event1_idx` (`event_id`),
  CONSTRAINT `fk_event_for_user_event1` FOREIGN KEY (`event_id`) REFERENCES `event` (`id`) ON DELETE NO ACTION ON UPDATE NO ACTION,
  CONSTRAINT `fk_event_for_user_user1` FOREIGN KEY (`assignedTo`) REFERENCES `user` (`email`) ON DELETE NO ACTION ON UPDATE NO ACTION
) ENGINE=InnoDB DEFAULT CHARSET=utf8;
/*!40101 SET character_set_client = @saved_cs_client */;

--
-- Dumping data for table `event_for_user`
--

LOCK TABLES `event_for_user` WRITE;
/*!40000 ALTER TABLE `event_for_user` DISABLE KEYS */;
/*!40000 ALTER TABLE `event_for_user` ENABLE KEYS */;
UNLOCK TABLES;

--
-- Table structure for table `invoice`
--

DROP TABLE IF EXISTS `invoice`;
/*!40101 SET @saved_cs_client     = @@character_set_client */;
/*!40101 SET character_set_client = utf8 */;
CREATE TABLE `invoice` (
  `id` int(11) NOT NULL AUTO_INCREMENT,
  `total` varchar(10) NOT NULL DEFAULT '0.00',
  `description` varchar(45) DEFAULT NULL,
  `isPaid` tinyint(1) NOT NULL DEFAULT '0',
  `budget_id` int(11) NOT NULL,
  `vendor_id` int(11) NOT NULL,
  PRIMARY KEY (`id`),
  KEY `fk_invoices_budget1_idx` (`budget_id`),
  KEY `fk_invoices_vendors1_idx` (`vendor_id`),
  CONSTRAINT `fk_invoices_budget1` FOREIGN KEY (`budget_id`) REFERENCES `budget` (`id`) ON DELETE NO ACTION ON UPDATE NO ACTION,
  CONSTRAINT `fk_invoices_vendors1` FOREIGN KEY (`vendor_id`) REFERENCES `vendor` (`id`) ON DELETE NO ACTION ON UPDATE NO ACTION
) ENGINE=InnoDB AUTO_INCREMENT=45 DEFAULT CHARSET=utf8;
/*!40101 SET character_set_client = @saved_cs_client */;

--
-- Dumping data for table `invoice`
--

LOCK TABLES `invoice` WRITE;
/*!40000 ALTER TABLE `invoice` DISABLE KEYS */;
INSERT INTO `invoice` VALUES (13,'50.00','Client/Services Payment',0,12,1),(14,'750.00','Catering',1,12,3),(15,'2000.00','Lighting',1,12,2),(17,'300.00','Food',1,13,3),(18,'75.00','Dance Instructor',1,13,7),(19,'125.00','Decorations',1,13,6),(20,'50.00','Photographer',1,13,1),(21,'90.00','DJ',1,13,7),(22,'250.00','DJ',0,12,7),(23,'250.00','Sound System Rental',0,13,2),(24,'50.00','Paint',1,14,6),(25,'25.00','Client/Media Services Employee',1,14,1),(26,'30.00','Decorations',1,14,6),(27,'1000.00','Sound Rental',1,15,2),(28,'2500.00','Lighting Rental',1,15,5),(29,'250.00','Food',1,15,3),(30,'350.00','Decorations',1,15,6),(31,'170.00','Food',1,16,3),(32,'70.00','Posters',1,16,1),(33,'14.35','Candy',1,16,6),(34,'100.00','Table Rentals',1,12,1),(35,'300.00','Fireworks',0,12,6),(36,'25.00','Client/Media Services',1,16,1),(37,'500.00','Staging',1,15,5),(40,'50.00','Paint',1,12,6),(41,'3000','Lighting Rental',1,18,2),(42,'2000','Sound Rental',1,18,2),(43,'1000','Catering',0,18,3),(44,'500','Decorations',1,18,6);
/*!40000 ALTER TABLE `invoice` ENABLE KEYS */;
UNLOCK TABLES;

--
-- Table structure for table `task`
--

DROP TABLE IF EXISTS `task`;
/*!40101 SET @saved_cs_client     = @@character_set_client */;
/*!40101 SET character_set_client = utf8 */;
CREATE TABLE `task` (
  `id` int(11) NOT NULL AUTO_INCREMENT,
  `priority` int(11) DEFAULT NULL,
  `name` varchar(45) NOT NULL,
  `dateDue` datetime DEFAULT NULL,
  `status` varchar(1) NOT NULL,
  `assignedTo` varchar(45) NOT NULL,
  `event_id` int(11) NOT NULL,
  PRIMARY KEY (`id`),
  KEY `fk_task_user1_idx` (`assignedTo`),
  KEY `fk_task_event1_idx` (`event_id`),
  CONSTRAINT `fk_task_event1` FOREIGN KEY (`event_id`) REFERENCES `event` (`id`) ON DELETE NO ACTION ON UPDATE NO ACTION,
  CONSTRAINT `fk_task_user1` FOREIGN KEY (`assignedTo`) REFERENCES `user` (`email`) ON DELETE NO ACTION ON UPDATE NO ACTION
) ENGINE=InnoDB AUTO_INCREMENT=57 DEFAULT CHARSET=utf8;
/*!40101 SET character_set_client = @saved_cs_client */;

--
-- Dumping data for table `task`
--

LOCK TABLES `task` WRITE;
/*!40000 ALTER TABLE `task` DISABLE KEYS */;
INSERT INTO `task` VALUES (10,1,'Get Lighting Bid','2016-04-28 13:00:00','2','abram.j.stamper@me.com',46),(11,3,'Create Arial Diagram','2016-05-02 12:00:00','2','abram.j.stamper@me.com',46),(12,2,'Contact Client/Media Services','2016-04-29 15:00:00','2','danielle_spoutz@taylor.edu',46),(13,4,'Get bid from rental company','2016-04-25 11:00:00','2','danielle_spoutz@taylor.edu',46),(14,3,'Create Decorations','2016-05-11 12:00:00','1','rachel_dalland@taylor.edu',46),(15,4,'Contact Steve Austin','2016-04-15 12:00:00','2','wil_story@taylor.edu',46),(16,5,'Paint signs','2016-05-12 22:00:00','1','rachel_dalland@taylor.edu',46),(17,2,'Contact Peter Bryant','2016-03-29 12:00:00','2','abram.j.stamper@me.com',47),(18,1,'Get dance instructor','2016-03-21 12:00:00','2','danielle_spoutz@taylor.edu',47),(19,3,'Make decorations','2016-04-06 17:00:00','2','rachel_dalland@taylor.edu',47),(20,2,'Buy food','2016-04-08 13:00:00','2','wil_story@taylor.edu',47),(21,3,'Make posters','2016-03-30 12:00:00','2','danielle_spoutz@taylor.edu',47),(22,2,'Hang posters','2016-04-01 17:00:00','2','danielle_spoutz@taylor.edu',47),(23,1,'Contact Facility Services','2016-03-14 12:00:00','2','abram.j.stamper@me.com',47),(24,1,'Reserve Event in 21live','2016-03-01 17:00:00','2','wil_story@taylor.edu',47),(25,2,'Meet with David Gray','2016-05-05 15:00:00','1','abram.j.stamper@me.com',46),(26,1,'Contact Client/Media Services','2016-01-14 12:00:00','2','wil_story@taylor.edu',48),(27,3,'Get paint','2016-01-20 17:00:00','2','rachel_dalland@taylor.edu',48),(28,2,'Make Decorations','2016-01-21 17:00:00','2','rachel_dalland@taylor.edu',48),(29,1,'Move furniture out of the union','2016-01-30 17:00:00','2','wil_story@taylor.edu',48),(30,1,'Contact Client/Media Services','2015-10-01 14:00:00','2','wil_story@taylor.edu',49),(31,3,'Contact Facility Services','2015-10-14 17:00:00','2','wil_story@taylor.edu',49),(32,3,'Get lighting bid','2015-10-14 17:00:00','2','steve_austin@taylor.edu',49),(33,1,'Have posters printed','2016-10-20 12:00:00','2','danielle_spoutz@taylor.edu',49),(34,2,'Get posters hung up','2015-10-23 17:00:00','2','wil_story@taylor.edu',49),(35,1,'Get day-of-event agenda done','2016-05-01 13:00:00','0','abram.j.stamper@me.com',46),(36,1,'Make contingency plan','2016-05-01 13:00:00','0','abram.j.stamper@me.com',46),(38,1,'Make Posters','2016-04-29 15:00:00','2','rachel_dalland@taylor.edu',46),(39,1,'Hang posters','2016-05-05 15:00:00','0','steve_austin@taylor.edu',46),(40,2,'Buy fireworks','2016-05-11 12:00:00','0','steve_austin@taylor.edu',46),(41,1,'Reserve Euler','2016-03-15 12:00:00','2','steve_austin@taylor.edu',50),(42,1,'Contact client/media services','2016-04-01 13:00:00','2','abram.j.stamper@me.com',50),(43,2,'Contact Facility Services','2016-04-01 13:00:00','2','rachel_dalland@taylor.edu',50),(44,2,'Make Posters','2016-04-01 10:00:00','2','steve_austin@taylor.edu',50),(45,2,'Make event agenda','2016-05-06 12:00:00','0','abram.j.stamper@me.com',46),(47,1,'Set up tables','2016-05-13 12:00:00','0','steve_austin@taylor.edu',46),(49,1,'Set up tables','2016-04-14 09:00:00','2','abram.j.stamper@me.com',50),(50,1,'Set up tables','2016-05-13 14:00:00','0','steve_austin@taylor.edu',46),(51,1,'Get lighting bid','2016-04-01 12:00:00','2','steve_austin@taylor.edu',52),(52,1,'Get sound bid','2016-04-01 12:00:00','2','steve_austin@taylor.edu',52),(53,2,'Get catering bid','2016-04-07 09:00:00','2','darius_farmer@taylor.edu',52),(54,3,'Set up stage','2016-05-16 17:00:00','0','wil_story@taylor.edu',52),(55,3,'Prepare graduates','2016-05-17 10:00:00','1','steve_austin@taylor.edu',52),(56,2,'Perform load-in','2016-05-20 17:00:00','0','abram.j.stamper@me.com',52);
/*!40000 ALTER TABLE `task` ENABLE KEYS */;
UNLOCK TABLES;

--
-- Table structure for table `ticket`
--

DROP TABLE IF EXISTS `ticket`;
/*!40101 SET @saved_cs_client     = @@character_set_client */;
/*!40101 SET character_set_client = utf8 */;
CREATE TABLE `ticket` (
  `id` int(11) NOT NULL AUTO_INCREMENT,
  `price` varchar(9) NOT NULL DEFAULT '0.00',
  `section` varchar(45) DEFAULT NULL,
  `seat_num` varchar(45) DEFAULT NULL,
  `isSold` tinyint(1) NOT NULL DEFAULT '0',
  `event_id` int(11) NOT NULL,
  PRIMARY KEY (`id`),
  KEY `fk_ticket_event1_idx` (`event_id`),
  CONSTRAINT `fk_ticket_event1` FOREIGN KEY (`event_id`) REFERENCES `event` (`id`) ON DELETE NO ACTION ON UPDATE NO ACTION
) ENGINE=InnoDB AUTO_INCREMENT=27770 DEFAULT CHARSET=utf8;
/*!40101 SET character_set_client = @saved_cs_client */;

--
-- Dumping data for table `ticket`
--

LOCK TABLES `ticket` WRITE;
/*!40000 ALTER TABLE `ticket` DISABLE KEYS */;
INSERT INTO `ticket` VALUES (24020,'5.00',NULL,NULL,1,47),(24021,'5.00',NULL,NULL,1,47),(24022,'5.00',NULL,NULL,1,47),(24023,'5.00',NULL,NULL,1,47),(24024,'5.00',NULL,NULL,1,47),(24025,'5.00',NULL,NULL,1,47),(24026,'5.00',NULL,NULL,1,47),(24027,'5.00',NULL,NULL,1,47),(24028,'5.00',NULL,NULL,1,47),(24029,'5.00',NULL,NULL,1,47),(24030,'5.00',NULL,NULL,1,47),(24031,'5.00',NULL,NULL,1,47),(24032,'5.00',NULL,NULL,1,47),(24033,'5.00',NULL,NULL,1,47),(24034,'5.00',NULL,NULL,1,47),(24035,'5.00',NULL,NULL,1,47),(24036,'5.00',NULL,NULL,1,47),(24037,'5.00',NULL,NULL,1,47),(24038,'5.00',NULL,NULL,1,47),(24039,'5.00',NULL,NULL,1,47),(24040,'5.00',NULL,NULL,1,47),(24041,'5.00',NULL,NULL,1,47),(24042,'5.00',NULL,NULL,1,47),(24043,'5.00',NULL,NULL,1,47),(24044,'5.00',NULL,NULL,1,47),(24045,'5.00',NULL,NULL,1,47),(24046,'5.00',NULL,NULL,1,47),(24047,'5.00',NULL,NULL,1,47),(24048,'5.00',NULL,NULL,1,47),(24049,'5.00',NULL,NULL,1,47),(24050,'5.00',NULL,NULL,1,47),(24051,'5.00',NULL,NULL,1,47),(24052,'5.00',NULL,NULL,1,47),(24053,'5.00',NULL,NULL,1,47),(24054,'5.00',NULL,NULL,1,47),(24055,'5.00',NULL,NULL,1,47),(24056,'5.00',NULL,NULL,1,47),(24057,'5.00',NULL,NULL,1,47),(24058,'5.00',NULL,NULL,1,47),(24059,'5.00',NULL,NULL,1,47),(24060,'5.00',NULL,NULL,1,47),(24061,'5.00',NULL,NULL,1,47),(24062,'5.00',NULL,NULL,1,47),(24063,'5.00',NULL,NULL,1,47),(24064,'5.00',NULL,NULL,1,47),(24065,'5.00',NULL,NULL,1,47),(24066,'5.00',NULL,NULL,1,47),(24067,'5.00',NULL,NULL,1,47),(24068,'5.00',NULL,NULL,1,47),(24069,'5.00',NULL,NULL,1,47),(24070,'5.00',NULL,NULL,1,47),(24071,'5.00',NULL,NULL,1,47),(24072,'5.00',NULL,NULL,1,47),(24073,'5.00',NULL,NULL,1,47),(24074,'5.00',NULL,NULL,1,47),(24075,'5.00',NULL,NULL,1,47),(24076,'5.00',NULL,NULL,1,47),(24077,'5.00',NULL,NULL,1,47),(24078,'5.00',NULL,NULL,1,47),(24079,'5.00',NULL,NULL,1,47),(24080,'5.00',NULL,NULL,1,47),(24081,'5.00',NULL,NULL,1,47),(24082,'5.00',NULL,NULL,1,47),(24083,'5.00',NULL,NULL,1,47),(24084,'5.00',NULL,NULL,1,47),(24085,'5.00',NULL,NULL,1,47),(24086,'5.00',NULL,NULL,1,47),(24087,'5.00',NULL,NULL,1,47),(24088,'5.00',NULL,NULL,1,47),(24089,'5.00',NULL,NULL,1,47),(24090,'5.00',NULL,NULL,1,47),(24091,'5.00',NULL,NULL,1,47),(24092,'5.00',NULL,NULL,1,47),(24093,'5.00',NULL,NULL,1,47),(24094,'5.00',NULL,NULL,1,47),(24095,'5.00',NULL,NULL,1,47),(24096,'5.00',NULL,NULL,1,47),(24097,'5.00',NULL,NULL,1,47),(24098,'5.00',NULL,NULL,1,47),(24099,'5.00',NULL,NULL,1,47),(24100,'5.00',NULL,NULL,1,47),(24101,'5.00',NULL,NULL,1,47),(24102,'5.00',NULL,NULL,1,47),(24103,'5.00',NULL,NULL,1,47),(24104,'5.00',NULL,NULL,1,47),(24105,'5.00',NULL,NULL,1,47),(24106,'5.00',NULL,NULL,1,47),(24107,'5.00',NULL,NULL,1,47),(24108,'5.00',NULL,NULL,1,47),(24109,'5.00',NULL,NULL,1,47),(24110,'5.00',NULL,NULL,1,47),(24111,'5.00',NULL,NULL,1,47),(24112,'5.00',NULL,NULL,1,47),(24113,'5.00',NULL,NULL,1,47),(24114,'5.00',NULL,NULL,1,47),(24115,'5.00',NULL,NULL,1,47),(24116,'5.00',NULL,NULL,1,47),(24117,'5.00',NULL,NULL,1,47),(24118,'5.00',NULL,NULL,1,47),(24119,'5.00',NULL,NULL,1,47),(24120,'5.00',NULL,NULL,1,47),(24121,'5.00',NULL,NULL,1,47),(24122,'5.00',NULL,NULL,1,47),(24123,'5.00',NULL,NULL,1,47),(24124,'5.00',NULL,NULL,1,47),(24125,'5.00',NULL,NULL,1,47),(24126,'5.00',NULL,NULL,1,47),(24127,'5.00',NULL,NULL,1,47),(24128,'5.00',NULL,NULL,1,47),(24129,'5.00',NULL,NULL,1,47),(24130,'5.00',NULL,NULL,1,47),(24131,'5.00',NULL,NULL,1,47),(24132,'5.00',NULL,NULL,1,47),(24133,'5.00',NULL,NULL,1,47),(24134,'5.00',NULL,NULL,1,47),(24135,'5.00',NULL,NULL,1,47),(24136,'5.00',NULL,NULL,1,47),(24137,'5.00',NULL,NULL,1,47),(24138,'5.00',NULL,NULL,1,47),(24139,'5.00',NULL,NULL,1,47),(24140,'5.00',NULL,NULL,1,47),(24141,'5.00',NULL,NULL,1,47),(24142,'5.00',NULL,NULL,1,47),(24143,'5.00',NULL,NULL,1,47),(24144,'5.00',NULL,NULL,1,47),(24145,'5.00',NULL,NULL,1,47),(24146,'5.00',NULL,NULL,1,47),(24147,'5.00',NULL,NULL,1,47),(24148,'5.00',NULL,NULL,1,47),(24149,'5.00',NULL,NULL,1,47),(24150,'5.00',NULL,NULL,1,47),(24151,'5.00',NULL,NULL,1,47),(24152,'5.00',NULL,NULL,1,47),(24153,'5.00',NULL,NULL,1,47),(24154,'5.00',NULL,NULL,1,47),(24155,'5.00',NULL,NULL,1,47),(24156,'5.00',NULL,NULL,1,47),(24157,'5.00',NULL,NULL,1,47),(24158,'5.00',NULL,NULL,1,47),(24159,'5.00',NULL,NULL,1,47),(24160,'5.00',NULL,NULL,1,47),(24161,'5.00',NULL,NULL,1,47),(24162,'5.00',NULL,NULL,1,47),(24163,'5.00',NULL,NULL,1,47),(24164,'5.00',NULL,NULL,1,47),(24165,'5.00',NULL,NULL,1,47),(24166,'5.00',NULL,NULL,1,47),(24167,'5.00',NULL,NULL,1,47),(24168,'5.00',NULL,NULL,1,47),(24169,'5.00',NULL,NULL,1,47),(24170,'5.00',NULL,NULL,1,47),(24171,'5.00',NULL,NULL,1,47),(24172,'5.00',NULL,NULL,1,47),(24173,'5.00',NULL,NULL,1,47),(24174,'5.00',NULL,NULL,1,47),(24175,'5.00',NULL,NULL,1,47),(24176,'5.00',NULL,NULL,1,47),(24177,'5.00',NULL,NULL,1,47),(24178,'5.00',NULL,NULL,1,47),(24179,'5.00',NULL,NULL,1,47),(24180,'5.00',NULL,NULL,1,47),(24181,'5.00',NULL,NULL,1,47),(24182,'5.00',NULL,NULL,1,47),(24183,'5.00',NULL,NULL,1,47),(24184,'5.00',NULL,NULL,1,47),(24185,'5.00',NULL,NULL,1,47),(24186,'5.00',NULL,NULL,1,47),(24187,'5.00',NULL,NULL,1,47),(24188,'5.00',NULL,NULL,1,47),(24189,'5.00',NULL,NULL,1,47),(24190,'5.00',NULL,NULL,1,47),(24191,'5.00',NULL,NULL,1,47),(24192,'5.00',NULL,NULL,1,47),(24193,'5.00',NULL,NULL,1,47),(24194,'5.00',NULL,NULL,1,47),(24195,'5.00',NULL,NULL,1,47),(24196,'5.00',NULL,NULL,1,47),(24197,'5.00',NULL,NULL,1,47),(24198,'5.00',NULL,NULL,1,47),(24199,'5.00',NULL,NULL,1,47),(24200,'5.00',NULL,NULL,1,47),(24201,'5.00',NULL,NULL,1,47),(24202,'5.00',NULL,NULL,1,47),(24203,'5.00',NULL,NULL,1,47),(24204,'5.00',NULL,NULL,1,47),(24205,'5.00',NULL,NULL,1,47),(24206,'5.00',NULL,NULL,1,47),(24207,'5.00',NULL,NULL,1,47),(24208,'5.00',NULL,NULL,1,47),(24209,'5.00',NULL,NULL,1,47),(24210,'5.00',NULL,NULL,1,47),(24211,'5.00',NULL,NULL,1,47),(24212,'5.00',NULL,NULL,1,47),(24213,'5.00',NULL,NULL,1,47),(24214,'5.00',NULL,NULL,1,47),(24215,'5.00',NULL,NULL,1,47),(24216,'5.00',NULL,NULL,1,47),(24217,'5.00',NULL,NULL,1,47),(24218,'5.00',NULL,NULL,1,47),(24219,'5.00',NULL,NULL,1,47),(24220,'0.00',NULL,NULL,1,46),(24221,'0.00',NULL,NULL,1,46),(24222,'0.00',NULL,NULL,1,46),(24223,'0.00',NULL,NULL,1,46),(24224,'0.00',NULL,NULL,1,46),(24225,'0.00',NULL,NULL,1,46),(24226,'0.00',NULL,NULL,1,46),(24227,'0.00',NULL,NULL,1,46),(24228,'0.00',NULL,NULL,1,46),(24229,'0.00',NULL,NULL,1,46),(24230,'0.00',NULL,NULL,1,46),(24231,'0.00',NULL,NULL,1,46),(24232,'0.00',NULL,NULL,1,46),(24233,'0.00',NULL,NULL,1,46),(24234,'0.00',NULL,NULL,1,46),(24235,'0.00',NULL,NULL,1,46),(24236,'0.00',NULL,NULL,1,46),(24237,'0.00',NULL,NULL,1,46),(24238,'0.00',NULL,NULL,1,46),(24239,'0.00',NULL,NULL,1,46),(24240,'0.00',NULL,NULL,1,46),(24241,'0.00',NULL,NULL,1,46),(24242,'0.00',NULL,NULL,1,46),(24243,'0.00',NULL,NULL,1,46),(24244,'0.00',NULL,NULL,1,46),(24245,'0.00',NULL,NULL,1,46),(24246,'0.00',NULL,NULL,1,46),(24247,'0.00',NULL,NULL,1,46),(24248,'0.00',NULL,NULL,1,46),(24249,'0.00',NULL,NULL,1,46),(24250,'0.00',NULL,NULL,1,46),(24251,'0.00',NULL,NULL,1,46),(24252,'0.00',NULL,NULL,1,46),(24253,'0.00',NULL,NULL,1,46),(24254,'0.00',NULL,NULL,1,46),(24255,'0.00',NULL,NULL,1,46),(24256,'0.00',NULL,NULL,1,46),(24257,'0.00',NULL,NULL,1,46),(24258,'0.00',NULL,NULL,1,46),(24259,'0.00',NULL,NULL,1,46),(24260,'0.00',NULL,NULL,1,46),(24261,'0.00',NULL,NULL,1,46),(24262,'0.00',NULL,NULL,1,46),(24263,'0.00',NULL,NULL,1,46),(24264,'0.00',NULL,NULL,1,46),(24265,'0.00',NULL,NULL,1,46),(24266,'0.00',NULL,NULL,1,46),(24267,'0.00',NULL,NULL,1,46),(24268,'0.00',NULL,NULL,1,46),(24269,'0.00',NULL,NULL,1,46),(24270,'0.00',NULL,NULL,1,46),(24271,'0.00',NULL,NULL,1,46),(24272,'0.00',NULL,NULL,1,46),(24273,'0.00',NULL,NULL,1,46),(24274,'0.00',NULL,NULL,1,46),(24275,'0.00',NULL,NULL,1,46),(24276,'0.00',NULL,NULL,1,46),(24277,'0.00',NULL,NULL,1,46),(24278,'0.00',NULL,NULL,1,46),(24279,'0.00',NULL,NULL,1,46),(24280,'0.00',NULL,NULL,1,46),(24281,'0.00',NULL,NULL,1,46),(24282,'0.00',NULL,NULL,1,46),(24283,'0.00',NULL,NULL,1,46),(24284,'0.00',NULL,NULL,1,46),(24285,'0.00',NULL,NULL,1,46),(24286,'0.00',NULL,NULL,1,46),(24287,'0.00',NULL,NULL,1,46),(24288,'0.00',NULL,NULL,1,46),(24289,'0.00',NULL,NULL,1,46),(24290,'0.00',NULL,NULL,1,46),(24291,'0.00',NULL,NULL,1,46),(24292,'0.00',NULL,NULL,1,46),(24293,'0.00',NULL,NULL,1,46),(24294,'0.00',NULL,NULL,1,46),(24295,'0.00',NULL,NULL,1,46),(24296,'0.00',NULL,NULL,1,46),(24297,'0.00',NULL,NULL,1,46),(24298,'0.00',NULL,NULL,1,46),(24299,'0.00',NULL,NULL,1,46),(24300,'0.00',NULL,NULL,1,46),(24301,'0.00',NULL,NULL,1,46),(24302,'0.00',NULL,NULL,1,46),(24303,'0.00',NULL,NULL,1,46),(24304,'0.00',NULL,NULL,1,46),(24305,'0.00',NULL,NULL,1,46),(24306,'0.00',NULL,NULL,1,46),(24307,'0.00',NULL,NULL,1,46),(24308,'0.00',NULL,NULL,1,46),(24309,'0.00',NULL,NULL,1,46),(24310,'0.00',NULL,NULL,1,46),(24311,'0.00',NULL,NULL,1,46),(24312,'0.00',NULL,NULL,1,46),(24313,'0.00',NULL,NULL,1,46),(24314,'0.00',NULL,NULL,1,46),(24315,'0.00',NULL,NULL,1,46),(24316,'0.00',NULL,NULL,1,46),(24317,'0.00',NULL,NULL,1,46),(24318,'0.00',NULL,NULL,1,46),(24319,'0.00',NULL,NULL,1,46),(24320,'0.00',NULL,NULL,1,46),(24321,'0.00',NULL,NULL,1,46),(24322,'0.00',NULL,NULL,1,46),(24323,'0.00',NULL,NULL,1,46),(24324,'0.00',NULL,NULL,1,46),(24325,'0.00',NULL,NULL,1,46),(24326,'0.00',NULL,NULL,1,46),(24327,'0.00',NULL,NULL,1,46),(24328,'0.00',NULL,NULL,1,46),(24329,'0.00',NULL,NULL,1,46),(24330,'0.00',NULL,NULL,1,46),(24331,'0.00',NULL,NULL,1,46),(24332,'0.00',NULL,NULL,1,46),(24333,'0.00',NULL,NULL,1,46),(24334,'0.00',NULL,NULL,1,46),(24335,'0.00',NULL,NULL,1,46),(24336,'0.00',NULL,NULL,1,46),(24337,'0.00',NULL,NULL,1,46),(24338,'0.00',NULL,NULL,1,46),(24339,'0.00',NULL,NULL,1,46),(24340,'0.00',NULL,NULL,1,46),(24341,'0.00',NULL,NULL,1,46),(24342,'0.00',NULL,NULL,1,46),(24343,'0.00',NULL,NULL,1,46),(24344,'0.00',NULL,NULL,1,46),(24345,'0.00',NULL,NULL,1,46),(24346,'0.00',NULL,NULL,1,46),(24347,'0.00',NULL,NULL,1,46),(24348,'0.00',NULL,NULL,1,46),(24349,'0.00',NULL,NULL,1,46),(24350,'0.00',NULL,NULL,1,46),(24351,'0.00',NULL,NULL,1,46),(24352,'0.00',NULL,NULL,1,46),(24353,'0.00',NULL,NULL,1,46),(24354,'0.00',NULL,NULL,1,46),(24355,'0.00',NULL,NULL,1,46),(24356,'0.00',NULL,NULL,1,46),(24357,'0.00',NULL,NULL,1,46),(24358,'0.00',NULL,NULL,1,46),(24359,'0.00',NULL,NULL,1,46),(24360,'0.00',NULL,NULL,1,46),(24361,'0.00',NULL,NULL,1,46),(24362,'0.00',NULL,NULL,1,46),(24363,'0.00',NULL,NULL,1,46),(24364,'0.00',NULL,NULL,1,46),(24365,'0.00',NULL,NULL,1,46),(24366,'0.00',NULL,NULL,1,46),(24367,'0.00',NULL,NULL,1,46),(24368,'0.00',NULL,NULL,1,46),(24369,'0.00',NULL,NULL,1,46),(24370,'0.00',NULL,NULL,1,46),(24371,'0.00',NULL,NULL,1,46),(24372,'0.00',NULL,NULL,1,46),(24373,'0.00',NULL,NULL,1,46),(24374,'0.00',NULL,NULL,1,46),(24375,'0.00',NULL,NULL,1,46),(24376,'0.00',NULL,NULL,1,46),(24377,'0.00',NULL,NULL,1,46),(24378,'0.00',NULL,NULL,1,46),(24379,'0.00',NULL,NULL,1,46),(24380,'0.00',NULL,NULL,1,46),(24381,'0.00',NULL,NULL,1,46),(24382,'0.00',NULL,NULL,1,46),(24383,'0.00',NULL,NULL,1,46),(24384,'0.00',NULL,NULL,1,46),(24385,'0.00',NULL,NULL,1,46),(24386,'0.00',NULL,NULL,1,46),(24387,'0.00',NULL,NULL,1,46),(24388,'0.00',NULL,NULL,1,46),(24389,'0.00',NULL,NULL,1,46),(24390,'0.00',NULL,NULL,1,46),(24391,'0.00',NULL,NULL,1,46),(24392,'0.00',NULL,NULL,1,46),(24393,'0.00',NULL,NULL,1,46),(24394,'0.00',NULL,NULL,1,46),(24395,'0.00',NULL,NULL,1,46),(24396,'0.00',NULL,NULL,1,46),(24397,'0.00',NULL,NULL,1,46),(24398,'0.00',NULL,NULL,1,46),(24399,'0.00',NULL,NULL,1,46),(24400,'0.00',NULL,NULL,1,46),(24401,'0.00',NULL,NULL,1,46),(24402,'0.00',NULL,NULL,1,46),(24403,'0.00',NULL,NULL,1,46),(24404,'0.00',NULL,NULL,1,46),(24405,'0.00',NULL,NULL,1,46),(24406,'0.00',NULL,NULL,1,46),(24407,'0.00',NULL,NULL,1,46),(24408,'0.00',NULL,NULL,1,46),(24409,'0.00',NULL,NULL,1,46),(24410,'0.00',NULL,NULL,1,46),(24411,'0.00',NULL,NULL,1,46),(24412,'0.00',NULL,NULL,1,46),(24413,'0.00',NULL,NULL,1,46),(24414,'0.00',NULL,NULL,1,46),(24415,'0.00',NULL,NULL,1,46),(24416,'0.00',NULL,NULL,1,46),(24417,'0.00',NULL,NULL,1,46),(24418,'0.00',NULL,NULL,1,46),(24419,'0.00',NULL,NULL,1,46),(24420,'0.00',NULL,NULL,1,46),(24421,'0.00',NULL,NULL,1,46),(24422,'0.00',NULL,NULL,1,46),(24423,'0.00',NULL,NULL,1,46),(24424,'0.00',NULL,NULL,1,46),(24425,'0.00',NULL,NULL,1,46),(24426,'0.00',NULL,NULL,1,46),(24427,'0.00',NULL,NULL,1,46),(24428,'0.00',NULL,NULL,1,46),(24429,'0.00',NULL,NULL,1,46),(24430,'0.00',NULL,NULL,1,46),(24431,'0.00',NULL,NULL,1,46),(24432,'0.00',NULL,NULL,1,46),(24433,'0.00',NULL,NULL,1,46),(24434,'0.00',NULL,NULL,1,46),(24435,'0.00',NULL,NULL,1,46),(24436,'0.00',NULL,NULL,1,46),(24437,'0.00',NULL,NULL,1,46),(24438,'0.00',NULL,NULL,1,46),(24439,'0.00',NULL,NULL,1,46),(24440,'0.00',NULL,NULL,1,46),(24441,'0.00',NULL,NULL,1,46),(24442,'0.00',NULL,NULL,1,46),(24443,'0.00',NULL,NULL,1,46),(24444,'0.00',NULL,NULL,1,46),(24445,'0.00',NULL,NULL,1,46),(24446,'0.00',NULL,NULL,1,46),(24447,'0.00',NULL,NULL,1,46),(24448,'0.00',NULL,NULL,1,46),(24449,'0.00',NULL,NULL,1,46),(24450,'0.00',NULL,NULL,1,46),(24451,'0.00',NULL,NULL,1,46),(24452,'0.00',NULL,NULL,1,46),(24453,'0.00',NULL,NULL,1,46),(24454,'0.00',NULL,NULL,1,46),(24455,'0.00',NULL,NULL,1,46),(24456,'0.00',NULL,NULL,1,46),(24457,'0.00',NULL,NULL,1,46),(24458,'0.00',NULL,NULL,1,46),(24459,'0.00',NULL,NULL,1,46),(24460,'0.00',NULL,NULL,1,46),(24461,'0.00',NULL,NULL,1,46),(24462,'0.00',NULL,NULL,1,46),(24463,'0.00',NULL,NULL,1,46),(24464,'0.00',NULL,NULL,1,46),(24465,'0.00',NULL,NULL,1,46),(24466,'0.00',NULL,NULL,1,46),(24467,'0.00',NULL,NULL,1,46),(24468,'0.00',NULL,NULL,1,46),(24469,'0.00',NULL,NULL,1,46),(24470,'0.00',NULL,NULL,1,46),(24471,'0.00',NULL,NULL,1,46),(24472,'0.00',NULL,NULL,1,46),(24473,'0.00',NULL,NULL,1,46),(24474,'0.00',NULL,NULL,1,46),(24475,'0.00',NULL,NULL,1,46),(24476,'0.00',NULL,NULL,1,46),(24477,'0.00',NULL,NULL,1,46),(24478,'0.00',NULL,NULL,1,46),(24479,'0.00',NULL,NULL,1,46),(24480,'0.00',NULL,NULL,1,46),(24481,'0.00',NULL,NULL,1,46),(24482,'0.00',NULL,NULL,1,46),(24483,'0.00',NULL,NULL,1,46),(24484,'0.00',NULL,NULL,1,46),(24485,'0.00',NULL,NULL,1,46),(24486,'0.00',NULL,NULL,1,46),(24487,'0.00',NULL,NULL,1,46),(24488,'0.00',NULL,NULL,1,46),(24489,'0.00',NULL,NULL,1,46),(24490,'0.00',NULL,NULL,1,46),(24491,'0.00',NULL,NULL,1,46),(24492,'0.00',NULL,NULL,1,46),(24493,'0.00',NULL,NULL,1,46),(24494,'0.00',NULL,NULL,1,46),(24495,'0.00',NULL,NULL,1,46),(24496,'0.00',NULL,NULL,1,46),(24497,'0.00',NULL,NULL,1,46),(24498,'0.00',NULL,NULL,1,46),(24499,'0.00',NULL,NULL,1,46),(24500,'0.00',NULL,NULL,1,46),(24501,'0.00',NULL,NULL,1,46),(24502,'0.00',NULL,NULL,1,46),(24503,'0.00',NULL,NULL,1,46),(24504,'0.00',NULL,NULL,1,46),(24505,'0.00',NULL,NULL,1,46),(24506,'0.00',NULL,NULL,1,46),(24507,'0.00',NULL,NULL,1,46),(24508,'0.00',NULL,NULL,1,46),(24509,'0.00',NULL,NULL,1,46),(24510,'0.00',NULL,NULL,1,46),(24511,'0.00',NULL,NULL,1,46),(24512,'0.00',NULL,NULL,1,46),(24513,'0.00',NULL,NULL,1,46),(24514,'0.00',NULL,NULL,1,46),(24515,'0.00',NULL,NULL,1,46),(24516,'0.00',NULL,NULL,1,46),(24517,'0.00',NULL,NULL,1,46),(24518,'0.00',NULL,NULL,1,46),(24519,'0.00',NULL,NULL,1,46),(24520,'0.00',NULL,NULL,1,46),(24521,'0.00',NULL,NULL,1,46),(24522,'0.00',NULL,NULL,1,46),(24523,'0.00',NULL,NULL,1,46),(24524,'0.00',NULL,NULL,1,46),(24525,'0.00',NULL,NULL,1,46),(24526,'0.00',NULL,NULL,1,46),(24527,'0.00',NULL,NULL,1,46),(24528,'0.00',NULL,NULL,1,46),(24529,'0.00',NULL,NULL,1,46),(24530,'0.00',NULL,NULL,1,46),(24531,'0.00',NULL,NULL,1,46),(24532,'0.00',NULL,NULL,1,46),(24533,'0.00',NULL,NULL,1,46),(24534,'0.00',NULL,NULL,1,46),(24535,'0.00',NULL,NULL,1,46),(24536,'0.00',NULL,NULL,1,46),(24537,'0.00',NULL,NULL,1,46),(24538,'0.00',NULL,NULL,1,46),(24539,'0.00',NULL,NULL,1,46),(24540,'0.00',NULL,NULL,1,46),(24541,'0.00',NULL,NULL,1,46),(24542,'0.00',NULL,NULL,1,46),(24543,'0.00',NULL,NULL,1,46),(24544,'0.00',NULL,NULL,1,46),(24545,'0.00',NULL,NULL,1,46),(24546,'0.00',NULL,NULL,1,46),(24547,'0.00',NULL,NULL,1,46),(24548,'0.00',NULL,NULL,1,46),(24549,'0.00',NULL,NULL,1,46),(24550,'0.00',NULL,NULL,1,46),(24551,'0.00',NULL,NULL,1,46),(24552,'0.00',NULL,NULL,1,46),(24553,'0.00',NULL,NULL,1,46),(24554,'0.00',NULL,NULL,1,46),(24555,'0.00',NULL,NULL,1,46),(24556,'0.00',NULL,NULL,1,46),(24557,'0.00',NULL,NULL,1,46),(24558,'0.00',NULL,NULL,1,46),(24559,'0.00',NULL,NULL,1,46),(24560,'0.00',NULL,NULL,1,46),(24561,'0.00',NULL,NULL,1,46),(24562,'0.00',NULL,NULL,1,46),(24563,'0.00',NULL,NULL,1,46),(24564,'0.00',NULL,NULL,1,46),(24565,'0.00',NULL,NULL,1,46),(24566,'0.00',NULL,NULL,1,46),(24567,'0.00',NULL,NULL,1,46),(24568,'0.00',NULL,NULL,1,46),(24569,'0.00',NULL,NULL,1,46),(24570,'0.00',NULL,NULL,1,46),(24571,'0.00',NULL,NULL,1,46),(24572,'0.00',NULL,NULL,1,46),(24573,'0.00',NULL,NULL,1,46),(24574,'0.00',NULL,NULL,1,46),(24575,'0.00',NULL,NULL,1,46),(24576,'0.00',NULL,NULL,1,46),(24577,'0.00',NULL,NULL,1,46),(24578,'0.00',NULL,NULL,1,46),(24579,'0.00',NULL,NULL,1,46),(24580,'0.00',NULL,NULL,1,46),(24581,'0.00',NULL,NULL,1,46),(24582,'0.00',NULL,NULL,1,46),(24583,'0.00',NULL,NULL,1,46),(24584,'0.00',NULL,NULL,1,46),(24585,'0.00',NULL,NULL,1,46),(24586,'0.00',NULL,NULL,1,46),(24587,'0.00',NULL,NULL,1,46),(24588,'0.00',NULL,NULL,1,46),(24589,'0.00',NULL,NULL,1,46),(24590,'0.00',NULL,NULL,1,46),(24591,'0.00',NULL,NULL,1,46),(24592,'0.00',NULL,NULL,1,46),(24593,'0.00',NULL,NULL,1,46),(24594,'0.00',NULL,NULL,1,46),(24595,'0.00',NULL,NULL,1,46),(24596,'0.00',NULL,NULL,1,46),(24597,'0.00',NULL,NULL,1,46),(24598,'0.00',NULL,NULL,1,46),(24599,'0.00',NULL,NULL,1,46),(24600,'0.00',NULL,NULL,1,46),(24601,'0.00',NULL,NULL,1,46),(24602,'0.00',NULL,NULL,1,46),(24603,'0.00',NULL,NULL,1,46),(24604,'0.00',NULL,NULL,1,46),(24605,'0.00',NULL,NULL,1,46),(24606,'0.00',NULL,NULL,1,46),(24607,'0.00',NULL,NULL,1,46),(24608,'0.00',NULL,NULL,1,46),(24609,'0.00',NULL,NULL,1,46),(24610,'0.00',NULL,NULL,1,46),(24611,'0.00',NULL,NULL,1,46),(24612,'0.00',NULL,NULL,1,46),(24613,'0.00',NULL,NULL,1,46),(24614,'0.00',NULL,NULL,1,46),(24615,'0.00',NULL,NULL,1,46),(24616,'0.00',NULL,NULL,1,46),(24617,'0.00',NULL,NULL,1,46),(24618,'0.00',NULL,NULL,1,46),(24619,'0.00',NULL,NULL,1,46),(24620,'0.00',NULL,NULL,1,46),(24621,'0.00',NULL,NULL,1,46),(24622,'0.00',NULL,NULL,1,46),(24623,'0.00',NULL,NULL,1,46),(24624,'0.00',NULL,NULL,1,46),(24625,'0.00',NULL,NULL,1,46),(24626,'0.00',NULL,NULL,1,46),(24627,'0.00',NULL,NULL,1,46),(24628,'0.00',NULL,NULL,1,46),(24629,'0.00',NULL,NULL,1,46),(24630,'0.00',NULL,NULL,1,46),(24631,'0.00',NULL,NULL,1,46),(24632,'0.00',NULL,NULL,1,46),(24633,'0.00',NULL,NULL,1,46),(24634,'0.00',NULL,NULL,1,46),(24635,'0.00',NULL,NULL,1,46),(24636,'0.00',NULL,NULL,1,46),(24637,'0.00',NULL,NULL,1,46),(24638,'0.00',NULL,NULL,1,46),(24639,'0.00',NULL,NULL,1,46),(24640,'0.00',NULL,NULL,1,46),(24641,'0.00',NULL,NULL,1,46),(24642,'0.00',NULL,NULL,1,46),(24643,'0.00',NULL,NULL,1,46),(24644,'0.00',NULL,NULL,1,46),(24645,'0.00',NULL,NULL,1,46),(24646,'0.00',NULL,NULL,1,46),(24647,'0.00',NULL,NULL,1,46),(24648,'0.00',NULL,NULL,1,46),(24649,'0.00',NULL,NULL,1,46),(24650,'0.00',NULL,NULL,1,46),(24651,'0.00',NULL,NULL,1,46),(24652,'0.00',NULL,NULL,1,46),(24653,'0.00',NULL,NULL,1,46),(24654,'0.00',NULL,NULL,1,46),(24655,'0.00',NULL,NULL,1,46),(24656,'0.00',NULL,NULL,1,46),(24657,'0.00',NULL,NULL,1,46),(24658,'0.00',NULL,NULL,1,46),(24659,'0.00',NULL,NULL,1,46),(24660,'0.00',NULL,NULL,1,46),(24661,'0.00',NULL,NULL,1,46),(24662,'0.00',NULL,NULL,1,46),(24663,'0.00',NULL,NULL,1,46),(24664,'0.00',NULL,NULL,1,46),(24665,'0.00',NULL,NULL,1,46),(24666,'0.00',NULL,NULL,1,46),(24667,'0.00',NULL,NULL,1,46),(24668,'0.00',NULL,NULL,1,46),(24669,'0.00',NULL,NULL,1,46),(24670,'0.00',NULL,NULL,1,46),(24671,'0.00',NULL,NULL,1,46),(24672,'0.00',NULL,NULL,1,46),(24673,'0.00',NULL,NULL,1,46),(24674,'0.00',NULL,NULL,1,46),(24675,'0.00',NULL,NULL,1,46),(24676,'0.00',NULL,NULL,1,46),(24677,'0.00',NULL,NULL,1,46),(24678,'0.00',NULL,NULL,1,46),(24679,'0.00',NULL,NULL,1,46),(24680,'0.00',NULL,NULL,1,46),(24681,'0.00',NULL,NULL,1,46),(24682,'0.00',NULL,NULL,1,46),(24683,'0.00',NULL,NULL,1,46),(24684,'0.00',NULL,NULL,1,46),(24685,'0.00',NULL,NULL,1,46),(24686,'0.00',NULL,NULL,1,46),(24687,'0.00',NULL,NULL,1,46),(24688,'0.00',NULL,NULL,1,46),(24689,'0.00',NULL,NULL,1,46),(24690,'0.00',NULL,NULL,1,46),(24691,'0.00',NULL,NULL,1,46),(24692,'0.00',NULL,NULL,1,46),(24693,'0.00',NULL,NULL,1,46),(24694,'0.00',NULL,NULL,1,46),(24695,'0.00',NULL,NULL,1,46),(24696,'0.00',NULL,NULL,1,46),(24697,'0.00',NULL,NULL,1,46),(24698,'0.00',NULL,NULL,1,46),(24699,'0.00',NULL,NULL,1,46),(24700,'0.00',NULL,NULL,1,46),(24701,'0.00',NULL,NULL,1,46),(24702,'0.00',NULL,NULL,1,46),(24703,'0.00',NULL,NULL,1,46),(24704,'0.00',NULL,NULL,1,46),(24705,'0.00',NULL,NULL,1,46),(24706,'0.00',NULL,NULL,1,46),(24707,'0.00',NULL,NULL,1,46),(24708,'0.00',NULL,NULL,1,46),(24709,'0.00',NULL,NULL,1,46),(24710,'0.00',NULL,NULL,1,46),(24711,'0.00',NULL,NULL,1,46),(24712,'0.00',NULL,NULL,1,46),(24713,'0.00',NULL,NULL,1,46),(24714,'0.00',NULL,NULL,1,46),(24715,'0.00',NULL,NULL,1,46),(24716,'0.00',NULL,NULL,1,46),(24717,'0.00',NULL,NULL,1,46),(24718,'0.00',NULL,NULL,1,46),(24719,'0.00',NULL,NULL,1,46),(24720,'0.00',NULL,NULL,1,46),(24721,'0.00',NULL,NULL,1,46),(24722,'0.00',NULL,NULL,1,46),(24723,'0.00',NULL,NULL,1,46),(24724,'0.00',NULL,NULL,1,46),(24725,'0.00',NULL,NULL,1,46),(24726,'0.00',NULL,NULL,1,46),(24727,'0.00',NULL,NULL,1,46),(24728,'0.00',NULL,NULL,1,46),(24729,'0.00',NULL,NULL,1,46),(24730,'0.00',NULL,NULL,1,46),(24731,'0.00',NULL,NULL,1,46),(24732,'0.00',NULL,NULL,1,46),(24733,'0.00',NULL,NULL,1,46),(24734,'0.00',NULL,NULL,1,46),(24735,'0.00',NULL,NULL,1,46),(24736,'0.00',NULL,NULL,1,46),(24737,'0.00',NULL,NULL,1,46),(24738,'0.00',NULL,NULL,1,46),(24739,'0.00',NULL,NULL,1,46),(24740,'0.00',NULL,NULL,1,46),(24741,'0.00',NULL,NULL,1,46),(24742,'0.00',NULL,NULL,1,46),(24743,'0.00',NULL,NULL,1,46),(24744,'0.00',NULL,NULL,1,46),(24745,'0.00',NULL,NULL,1,46),(24746,'0.00',NULL,NULL,1,46),(24747,'0.00',NULL,NULL,1,46),(24748,'0.00',NULL,NULL,1,46),(24749,'0.00',NULL,NULL,1,46),(24750,'0.00',NULL,NULL,1,46),(24751,'0.00',NULL,NULL,1,46),(24752,'0.00',NULL,NULL,1,46),(24753,'0.00',NULL,NULL,1,46),(24754,'0.00',NULL,NULL,1,46),(24755,'0.00',NULL,NULL,1,46),(24756,'0.00',NULL,NULL,1,46),(24757,'0.00',NULL,NULL,1,46),(24758,'0.00',NULL,NULL,1,46),(24759,'0.00',NULL,NULL,1,46),(24760,'0.00',NULL,NULL,1,46),(24761,'0.00',NULL,NULL,1,46),(24762,'0.00',NULL,NULL,1,46),(24763,'0.00',NULL,NULL,1,46),(24764,'0.00',NULL,NULL,1,46),(24765,'0.00',NULL,NULL,1,46),(24766,'0.00',NULL,NULL,1,46),(24767,'0.00',NULL,NULL,1,46),(24768,'0.00',NULL,NULL,1,46),(24769,'0.00',NULL,NULL,1,46),(24770,'0.00',NULL,NULL,1,46),(24771,'0.00',NULL,NULL,1,46),(24772,'0.00',NULL,NULL,1,46),(24773,'0.00',NULL,NULL,1,46),(24774,'0.00',NULL,NULL,1,46),(24775,'0.00',NULL,NULL,1,46),(24776,'0.00',NULL,NULL,1,46),(24777,'0.00',NULL,NULL,1,46),(24778,'0.00',NULL,NULL,1,46),(24779,'0.00',NULL,NULL,1,46),(24780,'0.00',NULL,NULL,1,46),(24781,'0.00',NULL,NULL,1,46),(24782,'0.00',NULL,NULL,1,46),(24783,'0.00',NULL,NULL,1,46),(24784,'0.00',NULL,NULL,1,46),(24785,'0.00',NULL,NULL,1,46),(24786,'0.00',NULL,NULL,1,46),(24787,'0.00',NULL,NULL,1,46),(24788,'0.00',NULL,NULL,1,46),(24789,'0.00',NULL,NULL,1,46),(24790,'0.00',NULL,NULL,1,46),(24791,'0.00',NULL,NULL,1,46),(24792,'0.00',NULL,NULL,1,46),(24793,'0.00',NULL,NULL,1,46),(24794,'0.00',NULL,NULL,1,46),(24795,'0.00',NULL,NULL,1,46),(24796,'0.00',NULL,NULL,1,46),(24797,'0.00',NULL,NULL,1,46),(24798,'0.00',NULL,NULL,1,46),(24799,'0.00',NULL,NULL,1,46),(24800,'0.00',NULL,NULL,1,46),(24801,'0.00',NULL,NULL,1,46),(24802,'0.00',NULL,NULL,1,46),(24803,'0.00',NULL,NULL,1,46),(24804,'0.00',NULL,NULL,1,46),(24805,'0.00',NULL,NULL,1,46),(24806,'0.00',NULL,NULL,1,46),(24807,'0.00',NULL,NULL,1,46),(24808,'0.00',NULL,NULL,1,46),(24809,'0.00',NULL,NULL,1,46),(24810,'0.00',NULL,NULL,1,46),(24811,'0.00',NULL,NULL,1,46),(24812,'0.00',NULL,NULL,1,46),(24813,'0.00',NULL,NULL,1,46),(24814,'0.00',NULL,NULL,1,46),(24815,'0.00',NULL,NULL,1,46),(24816,'0.00',NULL,NULL,1,46),(24817,'0.00',NULL,NULL,1,46),(24818,'0.00',NULL,NULL,1,46),(24819,'0.00',NULL,NULL,1,46),(24820,'0.00',NULL,NULL,1,46),(24821,'0.00',NULL,NULL,1,46),(24822,'0.00',NULL,NULL,1,46),(24823,'0.00',NULL,NULL,1,46),(24824,'0.00',NULL,NULL,1,46),(24825,'0.00',NULL,NULL,1,46),(24826,'0.00',NULL,NULL,1,46),(24827,'0.00',NULL,NULL,1,46),(24828,'0.00',NULL,NULL,1,46),(24829,'0.00',NULL,NULL,1,46),(24830,'0.00',NULL,NULL,1,46),(24831,'0.00',NULL,NULL,1,46),(24832,'0.00',NULL,NULL,1,46),(24833,'0.00',NULL,NULL,1,46),(24834,'0.00',NULL,NULL,1,46),(24835,'0.00',NULL,NULL,1,46),(24836,'0.00',NULL,NULL,1,46),(24837,'0.00',NULL,NULL,1,46),(24838,'0.00',NULL,NULL,1,46),(24839,'0.00',NULL,NULL,1,46),(24840,'0.00',NULL,NULL,1,46),(24841,'0.00',NULL,NULL,1,46),(24842,'0.00',NULL,NULL,1,46),(24843,'0.00',NULL,NULL,1,46),(24844,'0.00',NULL,NULL,1,46),(24845,'0.00',NULL,NULL,1,46),(24846,'0.00',NULL,NULL,1,46),(24847,'0.00',NULL,NULL,1,46),(24848,'0.00',NULL,NULL,1,46),(24849,'0.00',NULL,NULL,1,46),(24850,'0.00',NULL,NULL,1,46),(24851,'0.00',NULL,NULL,1,46),(24852,'0.00',NULL,NULL,1,46),(24853,'0.00',NULL,NULL,1,46),(24854,'0.00',NULL,NULL,1,46),(24855,'0.00',NULL,NULL,1,46),(24856,'0.00',NULL,NULL,1,46),(24857,'0.00',NULL,NULL,1,46),(24858,'0.00',NULL,NULL,1,46),(24859,'0.00',NULL,NULL,1,46),(24860,'0.00',NULL,NULL,1,46),(24861,'0.00',NULL,NULL,1,46),(24862,'0.00',NULL,NULL,1,46),(24863,'0.00',NULL,NULL,1,46),(24864,'0.00',NULL,NULL,1,46),(24865,'0.00',NULL,NULL,1,46),(24866,'0.00',NULL,NULL,1,46),(24867,'0.00',NULL,NULL,1,46),(24868,'0.00',NULL,NULL,1,46),(24869,'0.00',NULL,NULL,1,46),(24870,'0.00',NULL,NULL,1,46),(24871,'0.00',NULL,NULL,1,46),(24872,'0.00',NULL,NULL,1,46),(24873,'0.00',NULL,NULL,1,46),(24874,'0.00',NULL,NULL,1,46),(24875,'0.00',NULL,NULL,1,46),(24876,'0.00',NULL,NULL,1,46),(24877,'0.00',NULL,NULL,1,46),(24878,'0.00',NULL,NULL,1,46),(24879,'0.00',NULL,NULL,1,46),(24880,'0.00',NULL,NULL,1,46),(24881,'0.00',NULL,NULL,1,46),(24882,'0.00',NULL,NULL,1,46),(24883,'0.00',NULL,NULL,1,46),(24884,'0.00',NULL,NULL,1,46),(24885,'0.00',NULL,NULL,1,46),(24886,'0.00',NULL,NULL,1,46),(24887,'0.00',NULL,NULL,1,46),(24888,'0.00',NULL,NULL,1,46),(24889,'0.00',NULL,NULL,1,46),(24890,'0.00',NULL,NULL,1,46),(24891,'0.00',NULL,NULL,1,46),(24892,'0.00',NULL,NULL,1,46),(24893,'0.00',NULL,NULL,1,46),(24894,'0.00',NULL,NULL,1,46),(24895,'0.00',NULL,NULL,1,46),(24896,'0.00',NULL,NULL,1,46),(24897,'0.00',NULL,NULL,1,46),(24898,'0.00',NULL,NULL,1,46),(24899,'0.00',NULL,NULL,1,46),(24900,'0.00',NULL,NULL,1,46),(24901,'0.00',NULL,NULL,1,46),(24902,'0.00',NULL,NULL,1,46),(24903,'0.00',NULL,NULL,1,46),(24904,'0.00',NULL,NULL,1,46),(24905,'0.00',NULL,NULL,1,46),(24906,'0.00',NULL,NULL,1,46),(24907,'0.00',NULL,NULL,1,46),(24908,'0.00',NULL,NULL,1,46),(24909,'0.00',NULL,NULL,1,46),(24910,'0.00',NULL,NULL,1,46),(24911,'0.00',NULL,NULL,1,46),(24912,'0.00',NULL,NULL,1,46),(24913,'0.00',NULL,NULL,1,46),(24914,'0.00',NULL,NULL,1,46),(24915,'0.00',NULL,NULL,1,46),(24916,'0.00',NULL,NULL,1,46),(24917,'0.00',NULL,NULL,1,46),(24918,'0.00',NULL,NULL,1,46),(24919,'0.00',NULL,NULL,1,46),(24920,'0.00',NULL,NULL,1,46),(24921,'0.00',NULL,NULL,1,46),(24922,'0.00',NULL,NULL,1,46),(24923,'0.00',NULL,NULL,1,46),(24924,'0.00',NULL,NULL,1,46),(24925,'0.00',NULL,NULL,1,46),(24926,'0.00',NULL,NULL,1,46),(24927,'0.00',NULL,NULL,1,46),(24928,'0.00',NULL,NULL,1,46),(24929,'0.00',NULL,NULL,1,46),(24930,'0.00',NULL,NULL,1,46),(24931,'0.00',NULL,NULL,1,46),(24932,'0.00',NULL,NULL,1,46),(24933,'0.00',NULL,NULL,1,46),(24934,'0.00',NULL,NULL,1,46),(24935,'0.00',NULL,NULL,1,46),(24936,'0.00',NULL,NULL,1,46),(24937,'0.00',NULL,NULL,1,46),(24938,'0.00',NULL,NULL,1,46),(24939,'0.00',NULL,NULL,1,46),(24940,'0.00',NULL,NULL,1,46),(24941,'0.00',NULL,NULL,1,46),(24942,'0.00',NULL,NULL,1,46),(24943,'0.00',NULL,NULL,1,46),(24944,'0.00',NULL,NULL,1,46),(24945,'0.00',NULL,NULL,1,46),(24946,'0.00',NULL,NULL,1,46),(24947,'0.00',NULL,NULL,1,46),(24948,'0.00',NULL,NULL,1,46),(24949,'0.00',NULL,NULL,1,46),(24950,'0.00',NULL,NULL,1,46),(24951,'0.00',NULL,NULL,1,46),(24952,'0.00',NULL,NULL,1,46),(24953,'0.00',NULL,NULL,1,46),(24954,'0.00',NULL,NULL,1,46),(24955,'0.00',NULL,NULL,1,46),(24956,'0.00',NULL,NULL,1,46),(24957,'0.00',NULL,NULL,1,46),(24958,'0.00',NULL,NULL,1,46),(24959,'0.00',NULL,NULL,1,46),(24960,'0.00',NULL,NULL,1,46),(24961,'0.00',NULL,NULL,1,46),(24962,'0.00',NULL,NULL,1,46),(24963,'0.00',NULL,NULL,1,46),(24964,'0.00',NULL,NULL,1,46),(24965,'0.00',NULL,NULL,1,46),(24966,'0.00',NULL,NULL,1,46),(24967,'0.00',NULL,NULL,1,46),(24968,'0.00',NULL,NULL,1,46),(24969,'0.00',NULL,NULL,1,46),(24970,'0.00',NULL,NULL,1,46),(24971,'0.00',NULL,NULL,1,46),(24972,'0.00',NULL,NULL,1,46),(24973,'0.00',NULL,NULL,1,46),(24974,'0.00',NULL,NULL,1,46),(24975,'0.00',NULL,NULL,1,46),(24976,'0.00',NULL,NULL,1,46),(24977,'0.00',NULL,NULL,1,46),(24978,'0.00',NULL,NULL,1,46),(24979,'0.00',NULL,NULL,1,46),(24980,'0.00',NULL,NULL,1,46),(24981,'0.00',NULL,NULL,1,46),(24982,'0.00',NULL,NULL,1,46),(24983,'0.00',NULL,NULL,1,46),(24984,'0.00',NULL,NULL,1,46),(24985,'0.00',NULL,NULL,1,46),(24986,'0.00',NULL,NULL,1,46),(24987,'0.00',NULL,NULL,1,46),(24988,'0.00',NULL,NULL,1,46),(24989,'0.00',NULL,NULL,1,46),(24990,'0.00',NULL,NULL,1,46),(24991,'0.00',NULL,NULL,1,46),(24992,'0.00',NULL,NULL,1,46),(24993,'0.00',NULL,NULL,1,46),(24994,'0.00',NULL,NULL,1,46),(24995,'0.00',NULL,NULL,1,46),(24996,'0.00',NULL,NULL,1,46),(24997,'0.00',NULL,NULL,1,46),(24998,'0.00',NULL,NULL,1,46),(24999,'0.00',NULL,NULL,1,46),(25000,'0.00',NULL,NULL,1,46),(25001,'0.00',NULL,NULL,1,46),(25002,'0.00',NULL,NULL,1,46),(25003,'0.00',NULL,NULL,1,46),(25004,'0.00',NULL,NULL,1,46),(25005,'0.00',NULL,NULL,1,46),(25006,'0.00',NULL,NULL,1,46),(25007,'0.00',NULL,NULL,1,46),(25008,'0.00',NULL,NULL,1,46),(25009,'0.00',NULL,NULL,1,46),(25010,'0.00',NULL,NULL,1,46),(25011,'0.00',NULL,NULL,1,46),(25012,'0.00',NULL,NULL,1,46),(25013,'0.00',NULL,NULL,1,46),(25014,'0.00',NULL,NULL,1,46),(25015,'0.00',NULL,NULL,1,46),(25016,'0.00',NULL,NULL,1,46),(25017,'0.00',NULL,NULL,1,46),(25018,'0.00',NULL,NULL,1,46),(25019,'0.00',NULL,NULL,1,46),(25020,'0.00',NULL,NULL,1,46),(25021,'0.00',NULL,NULL,1,46),(25022,'0.00',NULL,NULL,1,46),(25023,'0.00',NULL,NULL,1,46),(25024,'0.00',NULL,NULL,1,46),(25025,'0.00',NULL,NULL,1,46),(25026,'0.00',NULL,NULL,1,46),(25027,'0.00',NULL,NULL,1,46),(25028,'0.00',NULL,NULL,1,46),(25029,'0.00',NULL,NULL,1,46),(25030,'0.00',NULL,NULL,1,46),(25031,'0.00',NULL,NULL,1,46),(25032,'0.00',NULL,NULL,1,46),(25033,'0.00',NULL,NULL,1,46),(25034,'0.00',NULL,NULL,1,46),(25035,'0.00',NULL,NULL,1,46),(25036,'0.00',NULL,NULL,1,46),(25037,'0.00',NULL,NULL,1,46),(25038,'0.00',NULL,NULL,1,46),(25039,'0.00',NULL,NULL,1,46),(25040,'0.00',NULL,NULL,1,46),(25041,'0.00',NULL,NULL,1,46),(25042,'0.00',NULL,NULL,1,46),(25043,'0.00',NULL,NULL,1,46),(25044,'0.00',NULL,NULL,1,46),(25045,'0.00',NULL,NULL,1,46),(25046,'0.00',NULL,NULL,1,46),(25047,'0.00',NULL,NULL,1,46),(25048,'0.00',NULL,NULL,1,46),(25049,'0.00',NULL,NULL,1,46),(25050,'0.00',NULL,NULL,1,46),(25051,'0.00',NULL,NULL,1,46),(25052,'0.00',NULL,NULL,1,46),(25053,'0.00',NULL,NULL,1,46),(25054,'0.00',NULL,NULL,1,46),(25055,'0.00',NULL,NULL,1,46),(25056,'0.00',NULL,NULL,1,46),(25057,'0.00',NULL,NULL,1,46),(25058,'0.00',NULL,NULL,1,46),(25059,'0.00',NULL,NULL,1,46),(25060,'0.00',NULL,NULL,1,46),(25061,'0.00',NULL,NULL,1,46),(25062,'0.00',NULL,NULL,1,46),(25063,'0.00',NULL,NULL,1,46),(25064,'0.00',NULL,NULL,1,46),(25065,'0.00',NULL,NULL,1,46),(25066,'0.00',NULL,NULL,1,46),(25067,'0.00',NULL,NULL,1,46),(25068,'0.00',NULL,NULL,1,46),(25069,'0.00',NULL,NULL,1,46),(25070,'0.00',NULL,NULL,1,46),(25071,'0.00',NULL,NULL,1,46),(25072,'0.00',NULL,NULL,1,46),(25073,'0.00',NULL,NULL,1,46),(25074,'0.00',NULL,NULL,1,46),(25075,'0.00',NULL,NULL,1,46),(25076,'0.00',NULL,NULL,1,46),(25077,'0.00',NULL,NULL,1,46),(25078,'0.00',NULL,NULL,1,46),(25079,'0.00',NULL,NULL,1,46),(25080,'0.00',NULL,NULL,1,46),(25081,'0.00',NULL,NULL,1,46),(25082,'0.00',NULL,NULL,1,46),(25083,'0.00',NULL,NULL,1,46),(25084,'0.00',NULL,NULL,1,46),(25085,'0.00',NULL,NULL,1,46),(25086,'0.00',NULL,NULL,1,46),(25087,'0.00',NULL,NULL,1,46),(25088,'0.00',NULL,NULL,1,46),(25089,'0.00',NULL,NULL,1,46),(25090,'0.00',NULL,NULL,1,46),(25091,'0.00',NULL,NULL,1,46),(25092,'0.00',NULL,NULL,1,46),(25093,'0.00',NULL,NULL,1,46),(25094,'0.00',NULL,NULL,1,46),(25095,'0.00',NULL,NULL,1,46),(25096,'0.00',NULL,NULL,1,46),(25097,'0.00',NULL,NULL,1,46),(25098,'0.00',NULL,NULL,1,46),(25099,'0.00',NULL,NULL,1,46),(25100,'0.00',NULL,NULL,1,46),(25101,'0.00',NULL,NULL,1,46),(25102,'0.00',NULL,NULL,1,46),(25103,'0.00',NULL,NULL,1,46),(25104,'0.00',NULL,NULL,1,46),(25105,'0.00',NULL,NULL,1,46),(25106,'0.00',NULL,NULL,1,46),(25107,'0.00',NULL,NULL,1,46),(25108,'0.00',NULL,NULL,1,46),(25109,'0.00',NULL,NULL,1,46),(25110,'0.00',NULL,NULL,1,46),(25111,'0.00',NULL,NULL,1,46),(25112,'0.00',NULL,NULL,1,46),(25113,'0.00',NULL,NULL,1,46),(25114,'0.00',NULL,NULL,1,46),(25115,'0.00',NULL,NULL,1,46),(25116,'0.00',NULL,NULL,1,46),(25117,'0.00',NULL,NULL,1,46),(25118,'0.00',NULL,NULL,1,46),(25119,'0.00',NULL,NULL,1,46),(25120,'0.00',NULL,NULL,1,46),(25121,'0.00',NULL,NULL,1,46),(25122,'0.00',NULL,NULL,1,46),(25123,'0.00',NULL,NULL,1,46),(25124,'0.00',NULL,NULL,1,46),(25125,'0.00',NULL,NULL,1,46),(25126,'0.00',NULL,NULL,1,46),(25127,'0.00',NULL,NULL,1,46),(25128,'0.00',NULL,NULL,1,46),(25129,'0.00',NULL,NULL,1,46),(25130,'0.00',NULL,NULL,1,46),(25131,'0.00',NULL,NULL,1,46),(25132,'0.00',NULL,NULL,1,46),(25133,'0.00',NULL,NULL,1,46),(25134,'0.00',NULL,NULL,1,46),(25135,'0.00',NULL,NULL,1,46),(25136,'0.00',NULL,NULL,1,46),(25137,'0.00',NULL,NULL,1,46),(25138,'0.00',NULL,NULL,1,46),(25139,'0.00',NULL,NULL,1,46),(25140,'0.00',NULL,NULL,1,46),(25141,'0.00',NULL,NULL,1,46),(25142,'0.00',NULL,NULL,1,46),(25143,'0.00',NULL,NULL,1,46),(25144,'0.00',NULL,NULL,1,46),(25145,'0.00',NULL,NULL,1,46),(25146,'0.00',NULL,NULL,1,46),(25147,'0.00',NULL,NULL,1,46),(25148,'0.00',NULL,NULL,1,46),(25149,'0.00',NULL,NULL,1,46),(25150,'0.00',NULL,NULL,1,46),(25151,'0.00',NULL,NULL,1,46),(25152,'0.00',NULL,NULL,1,46),(25153,'0.00',NULL,NULL,1,46),(25154,'0.00',NULL,NULL,1,46),(25155,'0.00',NULL,NULL,1,46),(25156,'0.00',NULL,NULL,1,46),(25157,'0.00',NULL,NULL,1,46),(25158,'0.00',NULL,NULL,1,46),(25159,'0.00',NULL,NULL,1,46),(25160,'0.00',NULL,NULL,1,46),(25161,'0.00',NULL,NULL,1,46),(25162,'0.00',NULL,NULL,1,46),(25163,'0.00',NULL,NULL,1,46),(25164,'0.00',NULL,NULL,1,46),(25165,'0.00',NULL,NULL,1,46),(25166,'0.00',NULL,NULL,1,46),(25167,'0.00',NULL,NULL,1,46),(25168,'0.00',NULL,NULL,1,46),(25169,'0.00',NULL,NULL,1,46),(25170,'0.00',NULL,NULL,1,46),(25171,'0.00',NULL,NULL,1,46),(25172,'0.00',NULL,NULL,1,46),(25173,'0.00',NULL,NULL,1,46),(25174,'0.00',NULL,NULL,1,46),(25175,'0.00',NULL,NULL,1,46),(25176,'0.00',NULL,NULL,1,46),(25177,'0.00',NULL,NULL,1,46),(25178,'0.00',NULL,NULL,1,46),(25179,'0.00',NULL,NULL,1,46),(25180,'0.00',NULL,NULL,1,46),(25181,'0.00',NULL,NULL,1,46),(25182,'0.00',NULL,NULL,1,46),(25183,'0.00',NULL,NULL,1,46),(25184,'0.00',NULL,NULL,1,46),(25185,'0.00',NULL,NULL,1,46),(25186,'0.00',NULL,NULL,1,46),(25187,'0.00',NULL,NULL,1,46),(25188,'0.00',NULL,NULL,1,46),(25189,'0.00',NULL,NULL,1,46),(25190,'0.00',NULL,NULL,1,46),(25191,'0.00',NULL,NULL,1,46),(25192,'0.00',NULL,NULL,1,46),(25193,'0.00',NULL,NULL,1,46),(25194,'0.00',NULL,NULL,1,46),(25195,'0.00',NULL,NULL,1,46),(25196,'0.00',NULL,NULL,1,46),(25197,'0.00',NULL,NULL,1,46),(25198,'0.00',NULL,NULL,1,46),(25199,'0.00',NULL,NULL,1,46),(25200,'0.00',NULL,NULL,1,46),(25201,'0.00',NULL,NULL,1,46),(25202,'0.00',NULL,NULL,1,46),(25203,'0.00',NULL,NULL,1,46),(25204,'0.00',NULL,NULL,1,46),(25205,'0.00',NULL,NULL,1,46),(25206,'0.00',NULL,NULL,1,46),(25207,'0.00',NULL,NULL,1,46),(25208,'0.00',NULL,NULL,1,46),(25209,'0.00',NULL,NULL,1,46),(25210,'0.00',NULL,NULL,1,46),(25211,'0.00',NULL,NULL,1,46),(25212,'0.00',NULL,NULL,1,46),(25213,'0.00',NULL,NULL,1,46),(25214,'0.00',NULL,NULL,1,46),(25215,'0.00',NULL,NULL,1,46),(25216,'0.00',NULL,NULL,1,46),(25217,'0.00',NULL,NULL,1,46),(25218,'0.00',NULL,NULL,1,46),(25219,'0.00',NULL,NULL,1,46),(25220,'0.00',NULL,NULL,1,46),(25221,'0.00',NULL,NULL,1,46),(25222,'0.00',NULL,NULL,1,46),(25223,'0.00',NULL,NULL,1,46),(25224,'0.00',NULL,NULL,1,46),(25225,'0.00',NULL,NULL,1,46),(25226,'0.00',NULL,NULL,1,46),(25227,'0.00',NULL,NULL,1,46),(25228,'0.00',NULL,NULL,1,46),(25229,'0.00',NULL,NULL,1,46),(25230,'0.00',NULL,NULL,1,46),(25231,'0.00',NULL,NULL,1,46),(25232,'0.00',NULL,NULL,1,46),(25233,'0.00',NULL,NULL,1,46),(25234,'0.00',NULL,NULL,1,46),(25235,'0.00',NULL,NULL,1,46),(25236,'0.00',NULL,NULL,1,46),(25237,'0.00',NULL,NULL,1,46),(25238,'0.00',NULL,NULL,1,46),(25239,'0.00',NULL,NULL,1,46),(25240,'0.00',NULL,NULL,1,46),(25241,'0.00',NULL,NULL,1,46),(25242,'0.00',NULL,NULL,1,46),(25243,'0.00',NULL,NULL,1,46),(25244,'0.00',NULL,NULL,1,46),(25245,'0.00',NULL,NULL,1,46),(25246,'0.00',NULL,NULL,1,46),(25247,'0.00',NULL,NULL,1,46),(25248,'0.00',NULL,NULL,1,46),(25249,'0.00',NULL,NULL,1,46),(25250,'0.00',NULL,NULL,1,46),(25251,'0.00',NULL,NULL,1,46),(25252,'0.00',NULL,NULL,1,46),(25253,'0.00',NULL,NULL,1,46),(25254,'0.00',NULL,NULL,1,46),(25255,'0.00',NULL,NULL,1,46),(25256,'0.00',NULL,NULL,1,46),(25257,'0.00',NULL,NULL,1,46),(25258,'0.00',NULL,NULL,1,46),(25259,'0.00',NULL,NULL,1,46),(25260,'0.00',NULL,NULL,1,46),(25261,'0.00',NULL,NULL,1,46),(25262,'0.00',NULL,NULL,1,46),(25263,'0.00',NULL,NULL,1,46),(25264,'0.00',NULL,NULL,1,46),(25265,'0.00',NULL,NULL,1,46),(25266,'0.00',NULL,NULL,1,46),(25267,'0.00',NULL,NULL,1,46),(25268,'0.00',NULL,NULL,1,46),(25269,'0.00',NULL,NULL,1,46),(25270,'0.00',NULL,NULL,1,46),(25271,'0.00',NULL,NULL,1,46),(25272,'0.00',NULL,NULL,1,46),(25273,'0.00',NULL,NULL,1,46),(25274,'0.00',NULL,NULL,1,46),(25275,'0.00',NULL,NULL,1,46),(25276,'0.00',NULL,NULL,1,46),(25277,'0.00',NULL,NULL,1,46),(25278,'0.00',NULL,NULL,1,46),(25279,'0.00',NULL,NULL,1,46),(25280,'0.00',NULL,NULL,1,46),(25281,'0.00',NULL,NULL,1,46),(25282,'0.00',NULL,NULL,1,46),(25283,'0.00',NULL,NULL,1,46),(25284,'0.00',NULL,NULL,1,46),(25285,'0.00',NULL,NULL,1,46),(25286,'0.00',NULL,NULL,1,46),(25287,'0.00',NULL,NULL,1,46),(25288,'0.00',NULL,NULL,1,46),(25289,'0.00',NULL,NULL,1,46),(25290,'0.00',NULL,NULL,1,46),(25291,'0.00',NULL,NULL,1,46),(25292,'0.00',NULL,NULL,1,46),(25293,'0.00',NULL,NULL,1,46),(25294,'0.00',NULL,NULL,1,46),(25295,'0.00',NULL,NULL,1,46),(25296,'0.00',NULL,NULL,1,46),(25297,'0.00',NULL,NULL,1,46),(25298,'0.00',NULL,NULL,1,46),(25299,'0.00',NULL,NULL,1,46),(25300,'0.00',NULL,NULL,1,46),(25301,'0.00',NULL,NULL,1,46),(25302,'0.00',NULL,NULL,1,46),(25303,'0.00',NULL,NULL,1,46),(25304,'0.00',NULL,NULL,1,46),(25305,'0.00',NULL,NULL,1,46),(25306,'0.00',NULL,NULL,1,46),(25307,'0.00',NULL,NULL,1,46),(25308,'0.00',NULL,NULL,1,46),(25309,'0.00',NULL,NULL,1,46),(25310,'0.00',NULL,NULL,1,46),(25311,'0.00',NULL,NULL,1,46),(25312,'0.00',NULL,NULL,1,46),(25313,'0.00',NULL,NULL,1,46),(25314,'0.00',NULL,NULL,1,46),(25315,'0.00',NULL,NULL,1,46),(25316,'0.00',NULL,NULL,1,46),(25317,'0.00',NULL,NULL,1,46),(25318,'0.00',NULL,NULL,1,46),(25319,'0.00',NULL,NULL,1,46),(25320,'0.00',NULL,NULL,1,46),(25321,'0.00',NULL,NULL,1,46),(25322,'0.00',NULL,NULL,1,46),(25323,'0.00',NULL,NULL,1,46),(25324,'0.00',NULL,NULL,1,46),(25325,'0.00',NULL,NULL,1,46),(25326,'0.00',NULL,NULL,1,46),(25327,'0.00',NULL,NULL,1,46),(25328,'0.00',NULL,NULL,1,46),(25329,'0.00',NULL,NULL,1,46),(25330,'0.00',NULL,NULL,1,46),(25331,'0.00',NULL,NULL,1,46),(25332,'0.00',NULL,NULL,1,46),(25333,'0.00',NULL,NULL,1,46),(25334,'0.00',NULL,NULL,1,46),(25335,'0.00',NULL,NULL,1,46),(25336,'0.00',NULL,NULL,1,46),(25337,'0.00',NULL,NULL,1,46),(25338,'0.00',NULL,NULL,1,46),(25339,'0.00',NULL,NULL,1,46),(25340,'0.00',NULL,NULL,1,46),(25341,'0.00',NULL,NULL,1,46),(25342,'0.00',NULL,NULL,1,46),(25343,'0.00',NULL,NULL,1,46),(25344,'0.00',NULL,NULL,1,46),(25345,'0.00',NULL,NULL,1,46),(25346,'0.00',NULL,NULL,1,46),(25347,'0.00',NULL,NULL,1,46),(25348,'0.00',NULL,NULL,1,46),(25349,'0.00',NULL,NULL,1,46),(25350,'0.00',NULL,NULL,1,46),(25351,'0.00',NULL,NULL,1,46),(25352,'0.00',NULL,NULL,1,46),(25353,'0.00',NULL,NULL,1,46),(25354,'0.00',NULL,NULL,1,46),(25355,'0.00',NULL,NULL,1,46),(25356,'0.00',NULL,NULL,1,46),(25357,'0.00',NULL,NULL,1,46),(25358,'0.00',NULL,NULL,1,46),(25359,'0.00',NULL,NULL,1,46),(25360,'0.00',NULL,NULL,1,46),(25361,'0.00',NULL,NULL,1,46),(25362,'0.00',NULL,NULL,1,46),(25363,'0.00',NULL,NULL,1,46),(25364,'0.00',NULL,NULL,1,46),(25365,'0.00',NULL,NULL,1,46),(25366,'0.00',NULL,NULL,1,46),(25367,'0.00',NULL,NULL,1,46),(25368,'0.00',NULL,NULL,1,46),(25369,'0.00',NULL,NULL,1,46),(25370,'0.00',NULL,NULL,1,46),(25371,'0.00',NULL,NULL,1,46),(25372,'0.00',NULL,NULL,1,46),(25373,'0.00',NULL,NULL,1,46),(25374,'0.00',NULL,NULL,1,46),(25375,'0.00',NULL,NULL,1,46),(25376,'0.00',NULL,NULL,1,46),(25377,'0.00',NULL,NULL,1,46),(25378,'0.00',NULL,NULL,1,46),(25379,'0.00',NULL,NULL,1,46),(25380,'0.00',NULL,NULL,1,46),(25381,'0.00',NULL,NULL,1,46),(25382,'0.00',NULL,NULL,1,46),(25383,'0.00',NULL,NULL,1,46),(25384,'0.00',NULL,NULL,1,46),(25385,'0.00',NULL,NULL,1,46),(25386,'0.00',NULL,NULL,1,46),(25387,'0.00',NULL,NULL,1,46),(25388,'0.00',NULL,NULL,1,46),(25389,'0.00',NULL,NULL,1,46),(25390,'0.00',NULL,NULL,1,46),(25391,'0.00',NULL,NULL,1,46),(25392,'0.00',NULL,NULL,1,46),(25393,'0.00',NULL,NULL,1,46),(25394,'0.00',NULL,NULL,1,46),(25395,'0.00',NULL,NULL,1,46),(25396,'0.00',NULL,NULL,1,46),(25397,'0.00',NULL,NULL,1,46),(25398,'0.00',NULL,NULL,1,46),(25399,'0.00',NULL,NULL,1,46),(25400,'0.00',NULL,NULL,1,46),(25401,'0.00',NULL,NULL,1,46),(25402,'0.00',NULL,NULL,1,46),(25403,'0.00',NULL,NULL,1,46),(25404,'0.00',NULL,NULL,1,46),(25405,'0.00',NULL,NULL,1,46),(25406,'0.00',NULL,NULL,1,46),(25407,'0.00',NULL,NULL,1,46),(25408,'0.00',NULL,NULL,1,46),(25409,'0.00',NULL,NULL,1,46),(25410,'0.00',NULL,NULL,1,46),(25411,'0.00',NULL,NULL,1,46),(25412,'0.00',NULL,NULL,1,46),(25413,'0.00',NULL,NULL,1,46),(25414,'0.00',NULL,NULL,1,46),(25415,'0.00',NULL,NULL,1,46),(25416,'0.00',NULL,NULL,1,46),(25417,'0.00',NULL,NULL,1,46),(25418,'0.00',NULL,NULL,1,46),(25419,'0.00',NULL,NULL,1,46),(25420,'0.00',NULL,NULL,1,46),(25421,'0.00',NULL,NULL,1,46),(25422,'0.00',NULL,NULL,1,46),(25423,'0.00',NULL,NULL,1,46),(25424,'0.00',NULL,NULL,1,46),(25425,'0.00',NULL,NULL,1,46),(25426,'0.00',NULL,NULL,1,46),(25427,'0.00',NULL,NULL,1,46),(25428,'0.00',NULL,NULL,1,46),(25429,'0.00',NULL,NULL,1,46),(25430,'0.00',NULL,NULL,1,46),(25431,'0.00',NULL,NULL,1,46),(25432,'0.00',NULL,NULL,1,46),(25433,'0.00',NULL,NULL,1,46),(25434,'0.00',NULL,NULL,1,46),(25435,'0.00',NULL,NULL,1,46),(25436,'0.00',NULL,NULL,1,46),(25437,'0.00',NULL,NULL,1,46),(25438,'0.00',NULL,NULL,1,46),(25439,'0.00',NULL,NULL,1,46),(25440,'0.00',NULL,NULL,1,46),(25441,'0.00',NULL,NULL,1,46),(25442,'0.00',NULL,NULL,1,46),(25443,'0.00',NULL,NULL,1,46),(25444,'0.00',NULL,NULL,1,46),(25445,'0.00',NULL,NULL,1,46),(25446,'0.00',NULL,NULL,1,46),(25447,'0.00',NULL,NULL,1,46),(25448,'0.00',NULL,NULL,1,46),(25449,'0.00',NULL,NULL,1,46),(25450,'0.00',NULL,NULL,1,46),(25451,'0.00',NULL,NULL,1,46),(25452,'0.00',NULL,NULL,1,46),(25453,'0.00',NULL,NULL,1,46),(25454,'0.00',NULL,NULL,1,46),(25455,'0.00',NULL,NULL,1,46),(25456,'0.00',NULL,NULL,1,46),(25457,'0.00',NULL,NULL,1,46),(25458,'0.00',NULL,NULL,1,46),(25459,'0.00',NULL,NULL,1,46),(25460,'0.00',NULL,NULL,1,46),(25461,'0.00',NULL,NULL,1,46),(25462,'0.00',NULL,NULL,1,46),(25463,'0.00',NULL,NULL,1,46),(25464,'0.00',NULL,NULL,1,46),(25465,'0.00',NULL,NULL,1,46),(25466,'0.00',NULL,NULL,1,46),(25467,'0.00',NULL,NULL,1,46),(25468,'0.00',NULL,NULL,1,46),(25469,'0.00',NULL,NULL,1,46),(25470,'0.00',NULL,NULL,1,46),(25471,'0.00',NULL,NULL,1,46),(25472,'0.00',NULL,NULL,1,46),(25473,'0.00',NULL,NULL,1,46),(25474,'0.00',NULL,NULL,1,46),(25475,'0.00',NULL,NULL,1,46),(25476,'0.00',NULL,NULL,1,46),(25477,'0.00',NULL,NULL,1,46),(25478,'0.00',NULL,NULL,1,46),(25479,'0.00',NULL,NULL,1,46),(25480,'0.00',NULL,NULL,1,46),(25481,'0.00',NULL,NULL,1,46),(25482,'0.00',NULL,NULL,1,46),(25483,'0.00',NULL,NULL,1,46),(25484,'0.00',NULL,NULL,1,46),(25485,'0.00',NULL,NULL,1,46),(25486,'0.00',NULL,NULL,1,46),(25487,'0.00',NULL,NULL,1,46),(25488,'0.00',NULL,NULL,1,46),(25489,'0.00',NULL,NULL,1,46),(25490,'0.00',NULL,NULL,1,46),(25491,'0.00',NULL,NULL,1,46),(25492,'0.00',NULL,NULL,1,46),(25493,'0.00',NULL,NULL,1,46),(25494,'0.00',NULL,NULL,1,46),(25495,'0.00',NULL,NULL,1,46),(25496,'0.00',NULL,NULL,1,46),(25497,'0.00',NULL,NULL,1,46),(25498,'0.00',NULL,NULL,1,46),(25499,'0.00',NULL,NULL,1,46),(25500,'0.00',NULL,NULL,1,46),(25501,'0.00',NULL,NULL,1,46),(25502,'0.00',NULL,NULL,1,46),(25503,'0.00',NULL,NULL,1,46),(25504,'0.00',NULL,NULL,1,46),(25505,'0.00',NULL,NULL,1,46),(25506,'0.00',NULL,NULL,1,46),(25507,'0.00',NULL,NULL,1,46),(25508,'0.00',NULL,NULL,1,46),(25509,'0.00',NULL,NULL,1,46),(25510,'0.00',NULL,NULL,1,46),(25511,'0.00',NULL,NULL,1,46),(25512,'0.00',NULL,NULL,1,46),(25513,'0.00',NULL,NULL,1,46),(25514,'0.00',NULL,NULL,1,46),(25515,'0.00',NULL,NULL,1,46),(25516,'0.00',NULL,NULL,1,46),(25517,'0.00',NULL,NULL,1,46),(25518,'0.00',NULL,NULL,1,46),(25519,'0.00',NULL,NULL,1,46),(25520,'0.00',NULL,NULL,1,46),(25521,'0.00',NULL,NULL,1,46),(25522,'0.00',NULL,NULL,1,46),(25523,'0.00',NULL,NULL,1,46),(25524,'0.00',NULL,NULL,1,46),(25525,'0.00',NULL,NULL,1,46),(25526,'0.00',NULL,NULL,1,46),(25527,'0.00',NULL,NULL,1,46),(25528,'0.00',NULL,NULL,1,46),(25529,'0.00',NULL,NULL,1,46),(25530,'0.00',NULL,NULL,1,46),(25531,'0.00',NULL,NULL,1,46),(25532,'0.00',NULL,NULL,1,46),(25533,'0.00',NULL,NULL,1,46),(25534,'0.00',NULL,NULL,1,46),(25535,'0.00',NULL,NULL,1,46),(25536,'0.00',NULL,NULL,1,46),(25537,'0.00',NULL,NULL,1,46),(25538,'0.00',NULL,NULL,1,46),(25539,'0.00',NULL,NULL,1,46),(25540,'0.00',NULL,NULL,1,46),(25541,'0.00',NULL,NULL,1,46),(25542,'0.00',NULL,NULL,1,46),(25543,'0.00',NULL,NULL,1,46),(25544,'0.00',NULL,NULL,1,46),(25545,'0.00',NULL,NULL,1,46),(25546,'0.00',NULL,NULL,1,46),(25547,'0.00',NULL,NULL,1,46),(25548,'0.00',NULL,NULL,1,46),(25549,'0.00',NULL,NULL,1,46),(25550,'0.00',NULL,NULL,1,46),(25551,'0.00',NULL,NULL,1,46),(25552,'0.00',NULL,NULL,1,46),(25553,'0.00',NULL,NULL,1,46),(25554,'0.00',NULL,NULL,1,46),(25555,'0.00',NULL,NULL,1,46),(25556,'0.00',NULL,NULL,1,46),(25557,'0.00',NULL,NULL,1,46),(25558,'0.00',NULL,NULL,1,46),(25559,'0.00',NULL,NULL,1,46),(25560,'0.00',NULL,NULL,1,46),(25561,'0.00',NULL,NULL,1,46),(25562,'0.00',NULL,NULL,1,46),(25563,'0.00',NULL,NULL,1,46),(25564,'0.00',NULL,NULL,1,46),(25565,'0.00',NULL,NULL,1,46),(25566,'0.00',NULL,NULL,1,46),(25567,'0.00',NULL,NULL,1,46),(25568,'0.00',NULL,NULL,1,46),(25569,'0.00',NULL,NULL,1,46),(25570,'0.00',NULL,NULL,1,46),(25571,'0.00',NULL,NULL,1,46),(25572,'0.00',NULL,NULL,1,46),(25573,'0.00',NULL,NULL,1,46),(25574,'0.00',NULL,NULL,1,46),(25575,'0.00',NULL,NULL,1,46),(25576,'0.00',NULL,NULL,1,46),(25577,'0.00',NULL,NULL,1,46),(25578,'0.00',NULL,NULL,1,46),(25579,'0.00',NULL,NULL,1,46),(25580,'0.00',NULL,NULL,1,46),(25581,'0.00',NULL,NULL,1,46),(25582,'0.00',NULL,NULL,1,46),(25583,'0.00',NULL,NULL,1,46),(25584,'0.00',NULL,NULL,1,46),(25585,'0.00',NULL,NULL,1,46),(25586,'0.00',NULL,NULL,1,46),(25587,'0.00',NULL,NULL,1,46),(25588,'0.00',NULL,NULL,1,46),(25589,'0.00',NULL,NULL,1,46),(25590,'0.00',NULL,NULL,1,46),(25591,'0.00',NULL,NULL,1,46),(25592,'0.00',NULL,NULL,1,46),(25593,'0.00',NULL,NULL,1,46),(25594,'0.00',NULL,NULL,1,46),(25595,'0.00',NULL,NULL,1,46),(25596,'0.00',NULL,NULL,1,46),(25597,'0.00',NULL,NULL,1,46),(25598,'0.00',NULL,NULL,1,46),(25599,'0.00',NULL,NULL,1,46),(25600,'0.00',NULL,NULL,1,46),(25601,'0.00',NULL,NULL,1,46),(25602,'0.00',NULL,NULL,1,46),(25603,'0.00',NULL,NULL,1,46),(25604,'0.00',NULL,NULL,1,46),(25605,'0.00',NULL,NULL,1,46),(25606,'0.00',NULL,NULL,1,46),(25607,'0.00',NULL,NULL,1,46),(25608,'0.00',NULL,NULL,1,46),(25609,'0.00',NULL,NULL,1,46),(25610,'0.00',NULL,NULL,1,46),(25611,'0.00',NULL,NULL,1,46),(25612,'0.00',NULL,NULL,1,46),(25613,'0.00',NULL,NULL,1,46),(25614,'0.00',NULL,NULL,1,46),(25615,'0.00',NULL,NULL,1,46),(25616,'0.00',NULL,NULL,1,46),(25617,'0.00',NULL,NULL,1,46),(25618,'0.00',NULL,NULL,1,46),(25619,'0.00',NULL,NULL,1,46),(25620,'0.00',NULL,NULL,1,46),(25621,'0.00',NULL,NULL,1,46),(25622,'0.00',NULL,NULL,1,46),(25623,'0.00',NULL,NULL,1,46),(25624,'0.00',NULL,NULL,1,46),(25625,'0.00',NULL,NULL,1,46),(25626,'0.00',NULL,NULL,1,46),(25627,'0.00',NULL,NULL,1,46),(25628,'0.00',NULL,NULL,1,46),(25629,'0.00',NULL,NULL,1,46),(25630,'0.00',NULL,NULL,1,46),(25631,'0.00',NULL,NULL,1,46),(25632,'0.00',NULL,NULL,1,46),(25633,'0.00',NULL,NULL,1,46),(25634,'0.00',NULL,NULL,1,46),(25635,'0.00',NULL,NULL,1,46),(25636,'0.00',NULL,NULL,1,46),(25637,'0.00',NULL,NULL,1,46),(25638,'0.00',NULL,NULL,1,46),(25639,'0.00',NULL,NULL,1,46),(25640,'0.00',NULL,NULL,1,46),(25641,'0.00',NULL,NULL,1,46),(25642,'0.00',NULL,NULL,1,46),(25643,'0.00',NULL,NULL,1,46),(25644,'0.00',NULL,NULL,1,46),(25645,'0.00',NULL,NULL,1,46),(25646,'0.00',NULL,NULL,1,46),(25647,'0.00',NULL,NULL,1,46),(25648,'0.00',NULL,NULL,1,46),(25649,'0.00',NULL,NULL,1,46),(25650,'0.00',NULL,NULL,1,46),(25651,'0.00',NULL,NULL,1,46),(25652,'0.00',NULL,NULL,1,46),(25653,'0.00',NULL,NULL,1,46),(25654,'0.00',NULL,NULL,1,46),(25655,'0.00',NULL,NULL,1,46),(25656,'0.00',NULL,NULL,1,46),(25657,'0.00',NULL,NULL,1,46),(25658,'0.00',NULL,NULL,1,46),(25659,'0.00',NULL,NULL,1,46),(25660,'0.00',NULL,NULL,1,46),(25661,'0.00',NULL,NULL,1,46),(25662,'0.00',NULL,NULL,1,46),(25663,'0.00',NULL,NULL,1,46),(25664,'0.00',NULL,NULL,1,46),(25665,'0.00',NULL,NULL,1,46),(25666,'0.00',NULL,NULL,1,46),(25667,'0.00',NULL,NULL,1,46),(25668,'0.00',NULL,NULL,1,46),(25669,'0.00',NULL,NULL,1,46),(25670,'0.00',NULL,NULL,1,46),(25671,'0.00',NULL,NULL,1,46),(25672,'0.00',NULL,NULL,1,46),(25673,'0.00',NULL,NULL,1,46),(25674,'0.00',NULL,NULL,1,46),(25675,'0.00',NULL,NULL,1,46),(25676,'0.00',NULL,NULL,1,46),(25677,'0.00',NULL,NULL,1,46),(25678,'0.00',NULL,NULL,1,46),(25679,'0.00',NULL,NULL,1,46),(25680,'0.00',NULL,NULL,1,46),(25681,'0.00',NULL,NULL,1,46),(25682,'0.00',NULL,NULL,1,46),(25683,'0.00',NULL,NULL,1,46),(25684,'0.00',NULL,NULL,1,46),(25685,'0.00',NULL,NULL,1,46),(25686,'0.00',NULL,NULL,1,46),(25687,'0.00',NULL,NULL,1,46),(25688,'0.00',NULL,NULL,1,46),(25689,'0.00',NULL,NULL,1,46),(25690,'0.00',NULL,NULL,1,46),(25691,'0.00',NULL,NULL,1,46),(25692,'0.00',NULL,NULL,1,46),(25693,'0.00',NULL,NULL,1,46),(25694,'0.00',NULL,NULL,1,46),(25695,'0.00',NULL,NULL,1,46),(25696,'0.00',NULL,NULL,1,46),(25697,'0.00',NULL,NULL,1,46),(25698,'0.00',NULL,NULL,1,46),(25699,'0.00',NULL,NULL,1,46),(25700,'0.00',NULL,NULL,1,46),(25701,'0.00',NULL,NULL,1,46),(25702,'0.00',NULL,NULL,1,46),(25703,'0.00',NULL,NULL,1,46),(25704,'0.00',NULL,NULL,1,46),(25705,'0.00',NULL,NULL,1,46),(25706,'0.00',NULL,NULL,1,46),(25707,'0.00',NULL,NULL,1,46),(25708,'0.00',NULL,NULL,1,46),(25709,'0.00',NULL,NULL,1,46),(25710,'0.00',NULL,NULL,1,46),(25711,'0.00',NULL,NULL,1,46),(25712,'0.00',NULL,NULL,1,46),(25713,'0.00',NULL,NULL,1,46),(25714,'0.00',NULL,NULL,1,46),(25715,'0.00',NULL,NULL,1,46),(25716,'0.00',NULL,NULL,1,46),(25717,'0.00',NULL,NULL,1,46),(25718,'0.00',NULL,NULL,1,46),(25719,'0.00',NULL,NULL,1,46),(25720,'5.00',NULL,NULL,1,49),(25721,'5.00',NULL,NULL,1,49),(25722,'5.00',NULL,NULL,1,49),(25723,'5.00',NULL,NULL,1,49),(25724,'5.00',NULL,NULL,1,49),(25725,'5.00',NULL,NULL,1,49),(25726,'5.00',NULL,NULL,1,49),(25727,'5.00',NULL,NULL,1,49),(25728,'5.00',NULL,NULL,1,49),(25729,'5.00',NULL,NULL,1,49),(25730,'5.00',NULL,NULL,1,49),(25731,'5.00',NULL,NULL,1,49),(25732,'5.00',NULL,NULL,1,49),(25733,'5.00',NULL,NULL,1,49),(25734,'5.00',NULL,NULL,1,49),(25735,'5.00',NULL,NULL,1,49),(25736,'5.00',NULL,NULL,1,49),(25737,'5.00',NULL,NULL,1,49),(25738,'5.00',NULL,NULL,1,49),(25739,'5.00',NULL,NULL,1,49),(25740,'5.00',NULL,NULL,1,49),(25741,'5.00',NULL,NULL,1,49),(25742,'5.00',NULL,NULL,1,49),(25743,'5.00',NULL,NULL,1,49),(25744,'5.00',NULL,NULL,1,49),(25745,'5.00',NULL,NULL,1,49),(25746,'5.00',NULL,NULL,1,49),(25747,'5.00',NULL,NULL,1,49),(25748,'5.00',NULL,NULL,1,49),(25749,'5.00',NULL,NULL,1,49),(25750,'5.00',NULL,NULL,1,49),(25751,'5.00',NULL,NULL,1,49),(25752,'5.00',NULL,NULL,1,49),(25753,'5.00',NULL,NULL,1,49),(25754,'5.00',NULL,NULL,1,49),(25755,'5.00',NULL,NULL,1,49),(25756,'5.00',NULL,NULL,1,49),(25757,'5.00',NULL,NULL,1,49),(25758,'5.00',NULL,NULL,1,49),(25759,'5.00',NULL,NULL,1,49),(25760,'5.00',NULL,NULL,1,49),(25761,'5.00',NULL,NULL,1,49),(25762,'5.00',NULL,NULL,1,49),(25763,'5.00',NULL,NULL,1,49),(25764,'5.00',NULL,NULL,1,49),(25765,'5.00',NULL,NULL,1,49),(25766,'5.00',NULL,NULL,1,49),(25767,'5.00',NULL,NULL,1,49),(25768,'5.00',NULL,NULL,1,49),(25769,'5.00',NULL,NULL,1,49),(25770,'5.00',NULL,NULL,1,49),(25771,'5.00',NULL,NULL,1,49),(25772,'5.00',NULL,NULL,1,49),(25773,'5.00',NULL,NULL,1,49),(25774,'5.00',NULL,NULL,1,49),(25775,'5.00',NULL,NULL,1,49),(25776,'5.00',NULL,NULL,1,49),(25777,'5.00',NULL,NULL,1,49),(25778,'5.00',NULL,NULL,1,49),(25779,'5.00',NULL,NULL,1,49),(25780,'5.00',NULL,NULL,1,49),(25781,'5.00',NULL,NULL,1,49),(25782,'5.00',NULL,NULL,1,49),(25783,'5.00',NULL,NULL,1,49),(25784,'5.00',NULL,NULL,1,49),(25785,'5.00',NULL,NULL,1,49),(25786,'5.00',NULL,NULL,1,49),(25787,'5.00',NULL,NULL,1,49),(25788,'5.00',NULL,NULL,1,49),(25789,'5.00',NULL,NULL,1,49),(25790,'5.00',NULL,NULL,1,49),(25791,'5.00',NULL,NULL,1,49),(25792,'5.00',NULL,NULL,1,49),(25793,'5.00',NULL,NULL,1,49),(25794,'5.00',NULL,NULL,1,49),(25795,'5.00',NULL,NULL,1,49),(25796,'5.00',NULL,NULL,1,49),(25797,'5.00',NULL,NULL,1,49),(25798,'5.00',NULL,NULL,1,49),(25799,'5.00',NULL,NULL,1,49),(25800,'5.00',NULL,NULL,1,49),(25801,'5.00',NULL,NULL,1,49),(25802,'5.00',NULL,NULL,1,49),(25803,'5.00',NULL,NULL,1,49),(25804,'5.00',NULL,NULL,1,49),(25805,'5.00',NULL,NULL,1,49),(25806,'5.00',NULL,NULL,1,49),(25807,'5.00',NULL,NULL,1,49),(25808,'5.00',NULL,NULL,1,49),(25809,'5.00',NULL,NULL,1,49),(25810,'5.00',NULL,NULL,1,49),(25811,'5.00',NULL,NULL,1,49),(25812,'5.00',NULL,NULL,1,49),(25813,'5.00',NULL,NULL,1,49),(25814,'5.00',NULL,NULL,1,49),(25815,'5.00',NULL,NULL,1,49),(25816,'5.00',NULL,NULL,1,49),(25817,'5.00',NULL,NULL,1,49),(25818,'5.00',NULL,NULL,1,49),(25819,'5.00',NULL,NULL,1,49),(25820,'5.00',NULL,NULL,1,49),(25821,'5.00',NULL,NULL,1,49),(25822,'5.00',NULL,NULL,1,49),(25823,'5.00',NULL,NULL,1,49),(25824,'5.00',NULL,NULL,1,49),(25825,'5.00',NULL,NULL,1,49),(25826,'5.00',NULL,NULL,1,49),(25827,'5.00',NULL,NULL,1,49),(25828,'5.00',NULL,NULL,1,49),(25829,'5.00',NULL,NULL,1,49),(25830,'5.00',NULL,NULL,1,49),(25831,'5.00',NULL,NULL,1,49),(25832,'5.00',NULL,NULL,1,49),(25833,'5.00',NULL,NULL,1,49),(25834,'5.00',NULL,NULL,1,49),(25835,'5.00',NULL,NULL,1,49),(25836,'5.00',NULL,NULL,1,49),(25837,'5.00',NULL,NULL,1,49),(25838,'5.00',NULL,NULL,1,49),(25839,'5.00',NULL,NULL,1,49),(25840,'5.00',NULL,NULL,1,49),(25841,'5.00',NULL,NULL,1,49),(25842,'5.00',NULL,NULL,1,49),(25843,'5.00',NULL,NULL,1,49),(25844,'5.00',NULL,NULL,1,49),(25845,'5.00',NULL,NULL,1,49),(25846,'5.00',NULL,NULL,1,49),(25847,'5.00',NULL,NULL,1,49),(25848,'5.00',NULL,NULL,1,49),(25849,'5.00',NULL,NULL,1,49),(25850,'5.00',NULL,NULL,1,49),(25851,'5.00',NULL,NULL,1,49),(25852,'5.00',NULL,NULL,1,49),(25853,'5.00',NULL,NULL,1,49),(25854,'5.00',NULL,NULL,1,49),(25855,'5.00',NULL,NULL,1,49),(25856,'5.00',NULL,NULL,1,49),(25857,'5.00',NULL,NULL,1,49),(25858,'5.00',NULL,NULL,1,49),(25859,'5.00',NULL,NULL,1,49),(25860,'5.00',NULL,NULL,1,49),(25861,'5.00',NULL,NULL,1,49),(25862,'5.00',NULL,NULL,1,49),(25863,'5.00',NULL,NULL,1,49),(25864,'5.00',NULL,NULL,1,49),(25865,'5.00',NULL,NULL,1,49),(25866,'5.00',NULL,NULL,1,49),(25867,'5.00',NULL,NULL,1,49),(25868,'5.00',NULL,NULL,1,49),(25869,'5.00',NULL,NULL,1,49),(25870,'5.00',NULL,NULL,1,49),(25871,'5.00',NULL,NULL,1,49),(25872,'5.00',NULL,NULL,1,49),(25873,'5.00',NULL,NULL,1,49),(25874,'5.00',NULL,NULL,1,49),(25875,'5.00',NULL,NULL,1,49),(25876,'5.00',NULL,NULL,1,49),(25877,'5.00',NULL,NULL,1,49),(25878,'5.00',NULL,NULL,1,49),(25879,'5.00',NULL,NULL,1,49),(25880,'5.00',NULL,NULL,1,49),(25881,'5.00',NULL,NULL,1,49),(25882,'5.00',NULL,NULL,1,49),(25883,'5.00',NULL,NULL,1,49),(25884,'5.00',NULL,NULL,1,49),(25885,'5.00',NULL,NULL,1,49),(25886,'5.00',NULL,NULL,1,49),(25887,'5.00',NULL,NULL,1,49),(25888,'5.00',NULL,NULL,1,49),(25889,'5.00',NULL,NULL,1,49),(25890,'5.00',NULL,NULL,1,49),(25891,'5.00',NULL,NULL,1,49),(25892,'5.00',NULL,NULL,1,49),(25893,'5.00',NULL,NULL,1,49),(25894,'5.00',NULL,NULL,1,49),(25895,'5.00',NULL,NULL,1,49),(25896,'5.00',NULL,NULL,1,49),(25897,'5.00',NULL,NULL,1,49),(25898,'5.00',NULL,NULL,1,49),(25899,'5.00',NULL,NULL,1,49),(25900,'5.00',NULL,NULL,1,49),(25901,'5.00',NULL,NULL,1,49),(25902,'5.00',NULL,NULL,1,49),(25903,'5.00',NULL,NULL,1,49),(25904,'5.00',NULL,NULL,1,49),(25905,'5.00',NULL,NULL,1,49),(25906,'5.00',NULL,NULL,1,49),(25907,'5.00',NULL,NULL,1,49),(25908,'5.00',NULL,NULL,1,49),(25909,'5.00',NULL,NULL,1,49),(25910,'5.00',NULL,NULL,1,49),(25911,'5.00',NULL,NULL,1,49),(25912,'5.00',NULL,NULL,1,49),(25913,'5.00',NULL,NULL,1,49),(25914,'5.00',NULL,NULL,1,49),(25915,'5.00',NULL,NULL,1,49),(25916,'5.00',NULL,NULL,1,49),(25917,'5.00',NULL,NULL,1,49),(25918,'5.00',NULL,NULL,1,49),(25919,'5.00',NULL,NULL,1,49),(25920,'5.00',NULL,NULL,1,49),(25921,'5.00',NULL,NULL,1,49),(25922,'5.00',NULL,NULL,1,49),(25923,'5.00',NULL,NULL,1,49),(25924,'5.00',NULL,NULL,1,49),(25925,'5.00',NULL,NULL,1,49),(25926,'5.00',NULL,NULL,1,49),(25927,'5.00',NULL,NULL,1,49),(25928,'5.00',NULL,NULL,1,49),(25929,'5.00',NULL,NULL,1,49),(25930,'5.00',NULL,NULL,1,49),(25931,'5.00',NULL,NULL,1,49),(25932,'5.00',NULL,NULL,1,49),(25933,'5.00',NULL,NULL,1,49),(25934,'5.00',NULL,NULL,1,49),(25935,'5.00',NULL,NULL,1,49),(25936,'5.00',NULL,NULL,1,49),(25937,'5.00',NULL,NULL,1,49),(25938,'5.00',NULL,NULL,1,49),(25939,'5.00',NULL,NULL,1,49),(25940,'5.00',NULL,NULL,1,49),(25941,'5.00',NULL,NULL,1,49),(25942,'5.00',NULL,NULL,1,49),(25943,'5.00',NULL,NULL,1,49),(25944,'5.00',NULL,NULL,1,49),(25945,'5.00',NULL,NULL,1,49),(25946,'5.00',NULL,NULL,1,49),(25947,'5.00',NULL,NULL,1,49),(25948,'5.00',NULL,NULL,1,49),(25949,'5.00',NULL,NULL,1,49),(25950,'5.00',NULL,NULL,1,49),(25951,'5.00',NULL,NULL,1,49),(25952,'5.00',NULL,NULL,1,49),(25953,'5.00',NULL,NULL,1,49),(25954,'5.00',NULL,NULL,1,49),(25955,'5.00',NULL,NULL,1,49),(25956,'5.00',NULL,NULL,1,49),(25957,'5.00',NULL,NULL,1,49),(25958,'5.00',NULL,NULL,1,49),(25959,'5.00',NULL,NULL,1,49),(25960,'5.00',NULL,NULL,1,49),(25961,'5.00',NULL,NULL,1,49),(25962,'5.00',NULL,NULL,1,49),(25963,'5.00',NULL,NULL,1,49),(25964,'5.00',NULL,NULL,1,49),(25965,'5.00',NULL,NULL,1,49),(25966,'5.00',NULL,NULL,1,49),(25967,'5.00',NULL,NULL,1,49),(25968,'5.00',NULL,NULL,1,49),(25969,'5.00',NULL,NULL,1,49),(25970,'5.00',NULL,NULL,1,49),(25971,'5.00',NULL,NULL,1,49),(25972,'5.00',NULL,NULL,1,49),(25973,'5.00',NULL,NULL,1,49),(25974,'5.00',NULL,NULL,1,49),(25975,'5.00',NULL,NULL,1,49),(25976,'5.00',NULL,NULL,1,49),(25977,'5.00',NULL,NULL,1,49),(25978,'5.00',NULL,NULL,1,49),(25979,'5.00',NULL,NULL,1,49),(25980,'5.00',NULL,NULL,1,49),(25981,'5.00',NULL,NULL,1,49),(25982,'5.00',NULL,NULL,1,49),(25983,'5.00',NULL,NULL,1,49),(25984,'5.00',NULL,NULL,1,49),(25985,'5.00',NULL,NULL,1,49),(25986,'5.00',NULL,NULL,1,49),(25987,'5.00',NULL,NULL,1,49),(25988,'5.00',NULL,NULL,1,49),(25989,'5.00',NULL,NULL,1,49),(25990,'5.00',NULL,NULL,1,49),(25991,'5.00',NULL,NULL,1,49),(25992,'5.00',NULL,NULL,1,49),(25993,'5.00',NULL,NULL,1,49),(25994,'5.00',NULL,NULL,1,49),(25995,'5.00',NULL,NULL,1,49),(25996,'5.00',NULL,NULL,1,49),(25997,'5.00',NULL,NULL,1,49),(25998,'5.00',NULL,NULL,1,49),(25999,'5.00',NULL,NULL,1,49),(26000,'5.00',NULL,NULL,1,49),(26001,'5.00',NULL,NULL,1,49),(26002,'5.00',NULL,NULL,1,49),(26003,'5.00',NULL,NULL,1,49),(26004,'5.00',NULL,NULL,1,49),(26005,'5.00',NULL,NULL,1,49),(26006,'5.00',NULL,NULL,1,49),(26007,'5.00',NULL,NULL,1,49),(26008,'5.00',NULL,NULL,1,49),(26009,'5.00',NULL,NULL,1,49),(26010,'5.00',NULL,NULL,1,49),(26011,'5.00',NULL,NULL,1,49),(26012,'5.00',NULL,NULL,1,49),(26013,'5.00',NULL,NULL,1,49),(26014,'5.00',NULL,NULL,1,49),(26015,'5.00',NULL,NULL,1,49),(26016,'5.00',NULL,NULL,1,49),(26017,'5.00',NULL,NULL,1,49),(26018,'5.00',NULL,NULL,1,49),(26019,'5.00',NULL,NULL,1,49),(26020,'5.00',NULL,NULL,1,49),(26021,'5.00',NULL,NULL,1,49),(26022,'5.00',NULL,NULL,1,49),(26023,'5.00',NULL,NULL,1,49),(26024,'5.00',NULL,NULL,1,49),(26025,'5.00',NULL,NULL,1,49),(26026,'5.00',NULL,NULL,1,49),(26027,'5.00',NULL,NULL,1,49),(26028,'5.00',NULL,NULL,1,49),(26029,'5.00',NULL,NULL,1,49),(26030,'5.00',NULL,NULL,1,49),(26031,'5.00',NULL,NULL,1,49),(26032,'5.00',NULL,NULL,1,49),(26033,'5.00',NULL,NULL,1,49),(26034,'5.00',NULL,NULL,1,49),(26035,'5.00',NULL,NULL,1,49),(26036,'5.00',NULL,NULL,1,49),(26037,'5.00',NULL,NULL,1,49),(26038,'5.00',NULL,NULL,1,49),(26039,'5.00',NULL,NULL,1,49),(26040,'5.00',NULL,NULL,1,49),(26041,'5.00',NULL,NULL,1,49),(26042,'5.00',NULL,NULL,1,49),(26043,'5.00',NULL,NULL,1,49),(26044,'5.00',NULL,NULL,1,49),(26045,'5.00',NULL,NULL,1,49),(26046,'5.00',NULL,NULL,1,49),(26047,'5.00',NULL,NULL,1,49),(26048,'5.00',NULL,NULL,1,49),(26049,'5.00',NULL,NULL,1,49),(26050,'5.00',NULL,NULL,1,49),(26051,'5.00',NULL,NULL,1,49),(26052,'5.00',NULL,NULL,1,49),(26053,'5.00',NULL,NULL,1,49),(26054,'5.00',NULL,NULL,1,49),(26055,'5.00',NULL,NULL,1,49),(26056,'5.00',NULL,NULL,1,49),(26057,'5.00',NULL,NULL,1,49),(26058,'5.00',NULL,NULL,1,49),(26059,'5.00',NULL,NULL,1,49),(26060,'5.00',NULL,NULL,1,49),(26061,'5.00',NULL,NULL,1,49),(26062,'5.00',NULL,NULL,1,49),(26063,'5.00',NULL,NULL,1,49),(26064,'5.00',NULL,NULL,1,49),(26065,'5.00',NULL,NULL,1,49),(26066,'5.00',NULL,NULL,1,49),(26067,'5.00',NULL,NULL,1,49),(26068,'5.00',NULL,NULL,1,49),(26069,'5.00',NULL,NULL,1,49),(26070,'5.00',NULL,NULL,1,49),(26071,'5.00',NULL,NULL,1,49),(26072,'5.00',NULL,NULL,1,49),(26073,'5.00',NULL,NULL,1,49),(26074,'5.00',NULL,NULL,1,49),(26075,'5.00',NULL,NULL,1,49),(26076,'5.00',NULL,NULL,1,49),(26077,'5.00',NULL,NULL,1,49),(26078,'5.00',NULL,NULL,1,49),(26079,'5.00',NULL,NULL,1,49),(26080,'5.00',NULL,NULL,1,49),(26081,'5.00',NULL,NULL,1,49),(26082,'5.00',NULL,NULL,1,49),(26083,'5.00',NULL,NULL,1,49),(26084,'5.00',NULL,NULL,1,49),(26085,'5.00',NULL,NULL,1,49),(26086,'5.00',NULL,NULL,1,49),(26087,'5.00',NULL,NULL,1,49),(26088,'5.00',NULL,NULL,1,49),(26089,'5.00',NULL,NULL,1,49),(26090,'5.00',NULL,NULL,1,49),(26091,'5.00',NULL,NULL,1,49),(26092,'5.00',NULL,NULL,1,49),(26093,'5.00',NULL,NULL,1,49),(26094,'5.00',NULL,NULL,1,49),(26095,'5.00',NULL,NULL,1,49),(26096,'5.00',NULL,NULL,1,49),(26097,'5.00',NULL,NULL,1,49),(26098,'5.00',NULL,NULL,1,49),(26099,'5.00',NULL,NULL,1,49),(26100,'5.00',NULL,NULL,1,49),(26101,'5.00',NULL,NULL,1,49),(26102,'5.00',NULL,NULL,1,49),(26103,'5.00',NULL,NULL,1,49),(26104,'5.00',NULL,NULL,1,49),(26105,'5.00',NULL,NULL,1,49),(26106,'5.00',NULL,NULL,1,49),(26107,'5.00',NULL,NULL,1,49),(26108,'5.00',NULL,NULL,1,49),(26109,'5.00',NULL,NULL,1,49),(26110,'5.00',NULL,NULL,1,49),(26111,'5.00',NULL,NULL,1,49),(26112,'5.00',NULL,NULL,1,49),(26113,'5.00',NULL,NULL,1,49),(26114,'5.00',NULL,NULL,1,49),(26115,'5.00',NULL,NULL,1,49),(26116,'5.00',NULL,NULL,1,49),(26117,'5.00',NULL,NULL,1,49),(26118,'5.00',NULL,NULL,1,49),(26119,'5.00',NULL,NULL,1,49),(26120,'5.00',NULL,NULL,1,49),(26121,'5.00',NULL,NULL,1,49),(26122,'5.00',NULL,NULL,1,49),(26123,'5.00',NULL,NULL,1,49),(26124,'5.00',NULL,NULL,1,49),(26125,'5.00',NULL,NULL,1,49),(26126,'5.00',NULL,NULL,1,49),(26127,'5.00',NULL,NULL,1,49),(26128,'5.00',NULL,NULL,1,49),(26129,'5.00',NULL,NULL,1,49),(26130,'5.00',NULL,NULL,1,49),(26131,'5.00',NULL,NULL,1,49),(26132,'5.00',NULL,NULL,1,49),(26133,'5.00',NULL,NULL,1,49),(26134,'5.00',NULL,NULL,1,49),(26135,'5.00',NULL,NULL,1,49),(26136,'5.00',NULL,NULL,1,49),(26137,'5.00',NULL,NULL,1,49),(26138,'5.00',NULL,NULL,1,49),(26139,'5.00',NULL,NULL,1,49),(26140,'5.00',NULL,NULL,1,49),(26141,'5.00',NULL,NULL,1,49),(26142,'5.00',NULL,NULL,1,49),(26143,'5.00',NULL,NULL,1,49),(26144,'5.00',NULL,NULL,1,49),(26145,'5.00',NULL,NULL,1,49),(26146,'5.00',NULL,NULL,1,49),(26147,'5.00',NULL,NULL,1,49),(26148,'5.00',NULL,NULL,1,49),(26149,'5.00',NULL,NULL,1,49),(26150,'5.00',NULL,NULL,1,49),(26151,'5.00',NULL,NULL,1,49),(26152,'5.00',NULL,NULL,1,49),(26153,'5.00',NULL,NULL,1,49),(26154,'5.00',NULL,NULL,1,49),(26155,'5.00',NULL,NULL,1,49),(26156,'5.00',NULL,NULL,1,49),(26157,'5.00',NULL,NULL,1,49),(26158,'5.00',NULL,NULL,1,49),(26159,'5.00',NULL,NULL,1,49),(26160,'5.00',NULL,NULL,1,49),(26161,'5.00',NULL,NULL,1,49),(26162,'5.00',NULL,NULL,1,49),(26163,'5.00',NULL,NULL,1,49),(26164,'5.00',NULL,NULL,1,49),(26165,'5.00',NULL,NULL,1,49),(26166,'5.00',NULL,NULL,1,49),(26167,'5.00',NULL,NULL,1,49),(26168,'5.00',NULL,NULL,1,49),(26169,'5.00',NULL,NULL,1,49),(26170,'5.00',NULL,NULL,1,49),(26171,'5.00',NULL,NULL,1,49),(26172,'5.00',NULL,NULL,1,49),(26173,'5.00',NULL,NULL,1,49),(26174,'5.00',NULL,NULL,1,49),(26175,'5.00',NULL,NULL,1,49),(26176,'5.00',NULL,NULL,1,49),(26177,'5.00',NULL,NULL,1,49),(26178,'5.00',NULL,NULL,1,49),(26179,'5.00',NULL,NULL,1,49),(26180,'5.00',NULL,NULL,1,49),(26181,'5.00',NULL,NULL,1,49),(26182,'5.00',NULL,NULL,1,49),(26183,'5.00',NULL,NULL,1,49),(26184,'5.00',NULL,NULL,1,49),(26185,'5.00',NULL,NULL,1,49),(26186,'5.00',NULL,NULL,1,49),(26187,'5.00',NULL,NULL,1,49),(26188,'5.00',NULL,NULL,1,49),(26189,'5.00',NULL,NULL,1,49),(26190,'5.00',NULL,NULL,1,49),(26191,'5.00',NULL,NULL,1,49),(26192,'5.00',NULL,NULL,1,49),(26193,'5.00',NULL,NULL,1,49),(26194,'5.00',NULL,NULL,1,49),(26195,'5.00',NULL,NULL,1,49),(26196,'5.00',NULL,NULL,1,49),(26197,'5.00',NULL,NULL,1,49),(26198,'5.00',NULL,NULL,1,49),(26199,'5.00',NULL,NULL,1,49),(26200,'5.00',NULL,NULL,1,49),(26201,'5.00',NULL,NULL,1,49),(26202,'5.00',NULL,NULL,1,49),(26203,'5.00',NULL,NULL,1,49),(26204,'5.00',NULL,NULL,1,49),(26205,'5.00',NULL,NULL,1,49),(26206,'5.00',NULL,NULL,1,49),(26207,'5.00',NULL,NULL,1,49),(26208,'5.00',NULL,NULL,1,49),(26209,'5.00',NULL,NULL,1,49),(26210,'5.00',NULL,NULL,1,49),(26211,'5.00',NULL,NULL,1,49),(26212,'5.00',NULL,NULL,1,49),(26213,'5.00',NULL,NULL,1,49),(26214,'5.00',NULL,NULL,1,49),(26215,'5.00',NULL,NULL,1,49),(26216,'5.00',NULL,NULL,1,49),(26217,'5.00',NULL,NULL,1,49),(26218,'5.00',NULL,NULL,1,49),(26219,'5.00',NULL,NULL,1,49),(26220,'5.00',NULL,NULL,1,49),(26221,'5.00',NULL,NULL,1,49),(26222,'5.00',NULL,NULL,1,49),(26223,'5.00',NULL,NULL,1,49),(26224,'5.00',NULL,NULL,1,49),(26225,'5.00',NULL,NULL,1,49),(26226,'5.00',NULL,NULL,1,49),(26227,'5.00',NULL,NULL,1,49),(26228,'5.00',NULL,NULL,1,49),(26229,'5.00',NULL,NULL,1,49),(26230,'5.00',NULL,NULL,1,49),(26231,'5.00',NULL,NULL,1,49),(26232,'5.00',NULL,NULL,1,49),(26233,'5.00',NULL,NULL,1,49),(26234,'5.00',NULL,NULL,1,49),(26235,'5.00',NULL,NULL,1,49),(26236,'5.00',NULL,NULL,1,49),(26237,'5.00',NULL,NULL,1,49),(26238,'5.00',NULL,NULL,1,49),(26239,'5.00',NULL,NULL,1,49),(26240,'5.00',NULL,NULL,1,49),(26241,'5.00',NULL,NULL,1,49),(26242,'5.00',NULL,NULL,1,49),(26243,'5.00',NULL,NULL,1,49),(26244,'5.00',NULL,NULL,1,49),(26245,'5.00',NULL,NULL,1,49),(26246,'5.00',NULL,NULL,1,49),(26247,'5.00',NULL,NULL,1,49),(26248,'5.00',NULL,NULL,1,49),(26249,'5.00',NULL,NULL,1,49),(26250,'5.00',NULL,NULL,1,49),(26251,'5.00',NULL,NULL,1,49),(26252,'5.00',NULL,NULL,1,49),(26253,'5.00',NULL,NULL,1,49),(26254,'5.00',NULL,NULL,1,49),(26255,'5.00',NULL,NULL,1,49),(26256,'5.00',NULL,NULL,1,49),(26257,'5.00',NULL,NULL,1,49),(26258,'5.00',NULL,NULL,1,49),(26259,'5.00',NULL,NULL,1,49),(26260,'5.00',NULL,NULL,1,49),(26261,'5.00',NULL,NULL,1,49),(26262,'5.00',NULL,NULL,1,49),(26263,'5.00',NULL,NULL,1,49),(26264,'5.00',NULL,NULL,1,49),(26265,'5.00',NULL,NULL,1,49),(26266,'5.00',NULL,NULL,1,49),(26267,'5.00',NULL,NULL,1,49),(26268,'5.00',NULL,NULL,1,49),(26269,'5.00',NULL,NULL,1,49),(26270,'5.00',NULL,NULL,1,49),(26271,'5.00',NULL,NULL,1,49),(26272,'5.00',NULL,NULL,1,49),(26273,'5.00',NULL,NULL,1,49),(26274,'5.00',NULL,NULL,1,49),(26275,'5.00',NULL,NULL,1,49),(26276,'5.00',NULL,NULL,1,49),(26277,'5.00',NULL,NULL,1,49),(26278,'5.00',NULL,NULL,1,49),(26279,'5.00',NULL,NULL,1,49),(26280,'5.00',NULL,NULL,1,49),(26281,'5.00',NULL,NULL,1,49),(26282,'5.00',NULL,NULL,1,49),(26283,'5.00',NULL,NULL,1,49),(26284,'5.00',NULL,NULL,1,49),(26285,'5.00',NULL,NULL,1,49),(26286,'5.00',NULL,NULL,1,49),(26287,'5.00',NULL,NULL,1,49),(26288,'5.00',NULL,NULL,1,49),(26289,'5.00',NULL,NULL,1,49),(26290,'5.00',NULL,NULL,1,49),(26291,'5.00',NULL,NULL,1,49),(26292,'5.00',NULL,NULL,1,49),(26293,'5.00',NULL,NULL,1,49),(26294,'5.00',NULL,NULL,1,49),(26295,'5.00',NULL,NULL,1,49),(26296,'5.00',NULL,NULL,1,49),(26297,'5.00',NULL,NULL,1,49),(26298,'5.00',NULL,NULL,1,49),(26299,'5.00',NULL,NULL,1,49),(26300,'5.00',NULL,NULL,1,49),(26301,'5.00',NULL,NULL,1,49),(26302,'5.00',NULL,NULL,1,49),(26303,'5.00',NULL,NULL,1,49),(26304,'5.00',NULL,NULL,1,49),(26305,'5.00',NULL,NULL,1,49),(26306,'5.00',NULL,NULL,1,49),(26307,'5.00',NULL,NULL,1,49),(26308,'5.00',NULL,NULL,1,49),(26309,'5.00',NULL,NULL,1,49),(26310,'5.00',NULL,NULL,1,49),(26311,'5.00',NULL,NULL,1,49),(26312,'5.00',NULL,NULL,1,49),(26313,'5.00',NULL,NULL,1,49),(26314,'5.00',NULL,NULL,1,49),(26315,'5.00',NULL,NULL,1,49),(26316,'5.00',NULL,NULL,1,49),(26317,'5.00',NULL,NULL,1,49),(26318,'5.00',NULL,NULL,1,49),(26319,'5.00',NULL,NULL,1,49),(26320,'5.00',NULL,NULL,1,49),(26321,'5.00',NULL,NULL,1,49),(26322,'5.00',NULL,NULL,1,49),(26323,'5.00',NULL,NULL,1,49),(26324,'5.00',NULL,NULL,1,49),(26325,'5.00',NULL,NULL,1,49),(26326,'5.00',NULL,NULL,1,49),(26327,'5.00',NULL,NULL,1,49),(26328,'5.00',NULL,NULL,1,49),(26329,'5.00',NULL,NULL,1,49),(26330,'5.00',NULL,NULL,1,49),(26331,'5.00',NULL,NULL,1,49),(26332,'5.00',NULL,NULL,1,49),(26333,'5.00',NULL,NULL,1,49),(26334,'5.00',NULL,NULL,1,49),(26335,'5.00',NULL,NULL,1,49),(26336,'5.00',NULL,NULL,1,49),(26337,'5.00',NULL,NULL,1,49),(26338,'5.00',NULL,NULL,1,49),(26339,'5.00',NULL,NULL,1,49),(26340,'5.00',NULL,NULL,1,49),(26341,'5.00',NULL,NULL,1,49),(26342,'5.00',NULL,NULL,1,49),(26343,'5.00',NULL,NULL,1,49),(26344,'5.00',NULL,NULL,1,49),(26345,'5.00',NULL,NULL,1,49),(26346,'5.00',NULL,NULL,1,49),(26347,'5.00',NULL,NULL,1,49),(26348,'5.00',NULL,NULL,1,49),(26349,'5.00',NULL,NULL,1,49),(26350,'5.00',NULL,NULL,1,49),(26351,'5.00',NULL,NULL,1,49),(26352,'5.00',NULL,NULL,1,49),(26353,'5.00',NULL,NULL,1,49),(26354,'5.00',NULL,NULL,1,49),(26355,'5.00',NULL,NULL,1,49),(26356,'5.00',NULL,NULL,1,49),(26357,'5.00',NULL,NULL,1,49),(26358,'5.00',NULL,NULL,1,49),(26359,'5.00',NULL,NULL,1,49),(26360,'5.00',NULL,NULL,1,49),(26361,'5.00',NULL,NULL,1,49),(26362,'5.00',NULL,NULL,1,49),(26363,'5.00',NULL,NULL,1,49),(26364,'5.00',NULL,NULL,1,49),(26365,'5.00',NULL,NULL,1,49),(26366,'5.00',NULL,NULL,1,49),(26367,'5.00',NULL,NULL,1,49),(26368,'5.00',NULL,NULL,1,49),(26369,'5.00',NULL,NULL,1,49),(26370,'5.00',NULL,NULL,1,49),(26371,'5.00',NULL,NULL,1,49),(26372,'5.00',NULL,NULL,1,49),(26373,'5.00',NULL,NULL,1,49),(26374,'5.00',NULL,NULL,1,49),(26375,'5.00',NULL,NULL,1,49),(26376,'5.00',NULL,NULL,1,49),(26377,'5.00',NULL,NULL,1,49),(26378,'5.00',NULL,NULL,1,49),(26379,'5.00',NULL,NULL,1,49),(26380,'5.00',NULL,NULL,1,49),(26381,'5.00',NULL,NULL,1,49),(26382,'5.00',NULL,NULL,1,49),(26383,'5.00',NULL,NULL,1,49),(26384,'5.00',NULL,NULL,1,49),(26385,'5.00',NULL,NULL,1,49),(26386,'5.00',NULL,NULL,1,49),(26387,'5.00',NULL,NULL,1,49),(26388,'5.00',NULL,NULL,1,49),(26389,'5.00',NULL,NULL,1,49),(26390,'5.00',NULL,NULL,1,49),(26391,'5.00',NULL,NULL,1,49),(26392,'5.00',NULL,NULL,1,49),(26393,'5.00',NULL,NULL,1,49),(26394,'5.00',NULL,NULL,1,49),(26395,'5.00',NULL,NULL,1,49),(26396,'5.00',NULL,NULL,1,49),(26397,'5.00',NULL,NULL,1,49),(26398,'5.00',NULL,NULL,1,49),(26399,'5.00',NULL,NULL,1,49),(26400,'5.00',NULL,NULL,1,49),(26401,'5.00',NULL,NULL,1,49),(26402,'5.00',NULL,NULL,1,49),(26403,'5.00',NULL,NULL,1,49),(26404,'5.00',NULL,NULL,1,49),(26405,'5.00',NULL,NULL,1,49),(26406,'5.00',NULL,NULL,1,49),(26407,'5.00',NULL,NULL,1,49),(26408,'5.00',NULL,NULL,1,49),(26409,'5.00',NULL,NULL,1,49),(26410,'5.00',NULL,NULL,1,49),(26411,'5.00',NULL,NULL,1,49),(26412,'5.00',NULL,NULL,1,49),(26413,'5.00',NULL,NULL,1,49),(26414,'5.00',NULL,NULL,1,49),(26415,'5.00',NULL,NULL,1,49),(26416,'5.00',NULL,NULL,1,49),(26417,'5.00',NULL,NULL,1,49),(26418,'5.00',NULL,NULL,1,49),(26419,'5.00',NULL,NULL,1,49),(26420,'5.00',NULL,NULL,1,49),(26421,'5.00',NULL,NULL,1,49),(26422,'5.00',NULL,NULL,1,49),(26423,'5.00',NULL,NULL,1,49),(26424,'5.00',NULL,NULL,1,49),(26425,'5.00',NULL,NULL,1,49),(26426,'5.00',NULL,NULL,1,49),(26427,'5.00',NULL,NULL,1,49),(26428,'5.00',NULL,NULL,1,49),(26429,'5.00',NULL,NULL,1,49),(26430,'5.00',NULL,NULL,1,49),(26431,'5.00',NULL,NULL,1,49),(26432,'5.00',NULL,NULL,1,49),(26433,'5.00',NULL,NULL,1,49),(26434,'5.00',NULL,NULL,1,49),(26435,'5.00',NULL,NULL,1,49),(26436,'5.00',NULL,NULL,1,49),(26437,'5.00',NULL,NULL,1,49),(26438,'5.00',NULL,NULL,1,49),(26439,'5.00',NULL,NULL,1,49),(26440,'5.00',NULL,NULL,1,49),(26441,'5.00',NULL,NULL,1,49),(26442,'5.00',NULL,NULL,1,49),(26443,'5.00',NULL,NULL,1,49),(26444,'5.00',NULL,NULL,1,49),(26445,'5.00',NULL,NULL,1,49),(26446,'5.00',NULL,NULL,1,49),(26447,'5.00',NULL,NULL,1,49),(26448,'5.00',NULL,NULL,1,49),(26449,'5.00',NULL,NULL,1,49),(26450,'5.00',NULL,NULL,1,49),(26451,'5.00',NULL,NULL,1,49),(26452,'5.00',NULL,NULL,1,49),(26453,'5.00',NULL,NULL,1,49),(26454,'5.00',NULL,NULL,1,49),(26455,'5.00',NULL,NULL,1,49),(26456,'5.00',NULL,NULL,1,49),(26457,'5.00',NULL,NULL,1,49),(26458,'5.00',NULL,NULL,1,49),(26459,'5.00',NULL,NULL,1,49),(26460,'5.00',NULL,NULL,1,49),(26461,'5.00',NULL,NULL,1,49),(26462,'5.00',NULL,NULL,1,49),(26463,'5.00',NULL,NULL,1,49),(26464,'5.00',NULL,NULL,1,49),(26465,'5.00',NULL,NULL,1,49),(26466,'5.00',NULL,NULL,1,49),(26467,'5.00',NULL,NULL,1,49),(26468,'5.00',NULL,NULL,1,49),(26469,'5.00',NULL,NULL,1,49),(26470,'5.00',NULL,NULL,1,49),(26471,'5.00',NULL,NULL,1,49),(26472,'5.00',NULL,NULL,1,49),(26473,'5.00',NULL,NULL,1,49),(26474,'5.00',NULL,NULL,1,49),(26475,'5.00',NULL,NULL,1,49),(26476,'5.00',NULL,NULL,1,49),(26477,'5.00',NULL,NULL,1,49),(26478,'5.00',NULL,NULL,1,49),(26479,'5.00',NULL,NULL,1,49),(26480,'5.00',NULL,NULL,1,49),(26481,'5.00',NULL,NULL,1,49),(26482,'5.00',NULL,NULL,1,49),(26483,'5.00',NULL,NULL,1,49),(26484,'5.00',NULL,NULL,1,49),(26485,'5.00',NULL,NULL,1,49),(26486,'5.00',NULL,NULL,1,49),(26487,'5.00',NULL,NULL,1,49),(26488,'5.00',NULL,NULL,1,49),(26489,'5.00',NULL,NULL,1,49),(26490,'5.00',NULL,NULL,1,49),(26491,'5.00',NULL,NULL,1,49),(26492,'5.00',NULL,NULL,1,49),(26493,'5.00',NULL,NULL,1,49),(26494,'5.00',NULL,NULL,1,49),(26495,'5.00',NULL,NULL,1,49),(26496,'5.00',NULL,NULL,1,49),(26497,'5.00',NULL,NULL,1,49),(26498,'5.00',NULL,NULL,1,49),(26499,'5.00',NULL,NULL,1,49),(26500,'5.00',NULL,NULL,1,49),(26501,'5.00',NULL,NULL,1,49),(26502,'5.00',NULL,NULL,1,49),(26503,'5.00',NULL,NULL,1,49),(26504,'5.00',NULL,NULL,1,49),(26505,'5.00',NULL,NULL,1,49),(26506,'5.00',NULL,NULL,1,49),(26507,'5.00',NULL,NULL,1,49),(26508,'5.00',NULL,NULL,1,49),(26509,'5.00',NULL,NULL,1,49),(26510,'5.00',NULL,NULL,1,49),(26511,'5.00',NULL,NULL,1,49),(26512,'5.00',NULL,NULL,1,49),(26513,'5.00',NULL,NULL,1,49),(26514,'5.00',NULL,NULL,1,49),(26515,'5.00',NULL,NULL,1,49),(26516,'5.00',NULL,NULL,1,49),(26517,'5.00',NULL,NULL,1,49),(26518,'5.00',NULL,NULL,1,49),(26519,'5.00',NULL,NULL,1,49),(26520,'5.00',NULL,NULL,1,49),(26521,'5.00',NULL,NULL,1,49),(26522,'5.00',NULL,NULL,1,49),(26523,'5.00',NULL,NULL,1,49),(26524,'5.00',NULL,NULL,1,49),(26525,'5.00',NULL,NULL,1,49),(26526,'5.00',NULL,NULL,1,49),(26527,'5.00',NULL,NULL,1,49),(26528,'5.00',NULL,NULL,1,49),(26529,'5.00',NULL,NULL,1,49),(26530,'5.00',NULL,NULL,1,49),(26531,'5.00',NULL,NULL,1,49),(26532,'5.00',NULL,NULL,1,49),(26533,'5.00',NULL,NULL,1,49),(26534,'5.00',NULL,NULL,1,49),(26535,'5.00',NULL,NULL,1,49),(26536,'5.00',NULL,NULL,1,49),(26537,'5.00',NULL,NULL,1,49),(26538,'5.00',NULL,NULL,1,49),(26539,'5.00',NULL,NULL,1,49),(26540,'5.00',NULL,NULL,1,49),(26541,'5.00',NULL,NULL,1,49),(26542,'5.00',NULL,NULL,1,49),(26543,'5.00',NULL,NULL,1,49),(26544,'5.00',NULL,NULL,1,49),(26545,'5.00',NULL,NULL,1,49),(26546,'5.00',NULL,NULL,1,49),(26547,'5.00',NULL,NULL,1,49),(26548,'5.00',NULL,NULL,1,49),(26549,'5.00',NULL,NULL,1,49),(26550,'5.00',NULL,NULL,1,49),(26551,'5.00',NULL,NULL,1,49),(26552,'5.00',NULL,NULL,1,49),(26553,'5.00',NULL,NULL,1,49),(26554,'5.00',NULL,NULL,1,49),(26555,'5.00',NULL,NULL,1,49),(26556,'5.00',NULL,NULL,1,49),(26557,'5.00',NULL,NULL,1,49),(26558,'5.00',NULL,NULL,1,49),(26559,'5.00',NULL,NULL,1,49),(26560,'5.00',NULL,NULL,1,49),(26561,'5.00',NULL,NULL,1,49),(26562,'5.00',NULL,NULL,1,49),(26563,'5.00',NULL,NULL,1,49),(26564,'5.00',NULL,NULL,1,49),(26565,'5.00',NULL,NULL,1,49),(26566,'5.00',NULL,NULL,1,49),(26567,'5.00',NULL,NULL,1,49),(26568,'5.00',NULL,NULL,1,49),(26569,'5.00',NULL,NULL,1,49),(26570,'5.00',NULL,NULL,1,49),(26571,'5.00',NULL,NULL,1,49),(26572,'5.00',NULL,NULL,1,49),(26573,'5.00',NULL,NULL,1,49),(26574,'5.00',NULL,NULL,1,49),(26575,'5.00',NULL,NULL,1,49),(26576,'5.00',NULL,NULL,1,49),(26577,'5.00',NULL,NULL,1,49),(26578,'5.00',NULL,NULL,1,49),(26579,'5.00',NULL,NULL,1,49),(26580,'5.00',NULL,NULL,1,49),(26581,'5.00',NULL,NULL,1,49),(26582,'5.00',NULL,NULL,1,49),(26583,'5.00',NULL,NULL,1,49),(26584,'5.00',NULL,NULL,1,49),(26585,'5.00',NULL,NULL,1,49),(26586,'5.00',NULL,NULL,1,49),(26587,'5.00',NULL,NULL,1,49),(26588,'5.00',NULL,NULL,1,49),(26589,'5.00',NULL,NULL,1,49),(26590,'5.00',NULL,NULL,1,49),(26591,'5.00',NULL,NULL,1,49),(26592,'5.00',NULL,NULL,1,49),(26593,'5.00',NULL,NULL,1,49),(26594,'5.00',NULL,NULL,1,49),(26595,'5.00',NULL,NULL,1,49),(26596,'5.00',NULL,NULL,1,49),(26597,'5.00',NULL,NULL,1,49),(26598,'5.00',NULL,NULL,1,49),(26599,'5.00',NULL,NULL,1,49),(26600,'5.00',NULL,NULL,1,49),(26601,'5.00',NULL,NULL,1,49),(26602,'5.00',NULL,NULL,1,49),(26603,'5.00',NULL,NULL,1,49),(26604,'5.00',NULL,NULL,1,49),(26605,'5.00',NULL,NULL,1,49),(26606,'5.00',NULL,NULL,1,49),(26607,'5.00',NULL,NULL,1,49),(26608,'5.00',NULL,NULL,1,49),(26609,'5.00',NULL,NULL,1,49),(26610,'5.00',NULL,NULL,1,49),(26611,'5.00',NULL,NULL,1,49),(26612,'5.00',NULL,NULL,1,49),(26613,'5.00',NULL,NULL,1,49),(26614,'5.00',NULL,NULL,1,49),(26615,'5.00',NULL,NULL,1,49),(26616,'5.00',NULL,NULL,1,49),(26617,'5.00',NULL,NULL,1,49),(26618,'5.00',NULL,NULL,1,49),(26619,'5.00',NULL,NULL,1,49),(26620,'5.00',NULL,NULL,1,49),(26621,'5.00',NULL,NULL,1,49),(26622,'5.00',NULL,NULL,1,49),(26623,'5.00',NULL,NULL,1,49),(26624,'5.00',NULL,NULL,1,49),(26625,'5.00',NULL,NULL,1,49),(26626,'5.00',NULL,NULL,1,49),(26627,'5.00',NULL,NULL,1,49),(26628,'5.00',NULL,NULL,1,49),(26629,'5.00',NULL,NULL,1,49),(26630,'5.00',NULL,NULL,1,49),(26631,'5.00',NULL,NULL,1,49),(26632,'5.00',NULL,NULL,1,49),(26633,'5.00',NULL,NULL,1,49),(26634,'5.00',NULL,NULL,1,49),(26635,'5.00',NULL,NULL,1,49),(26636,'5.00',NULL,NULL,1,49),(26637,'5.00',NULL,NULL,1,49),(26638,'5.00',NULL,NULL,1,49),(26639,'5.00',NULL,NULL,1,49),(26640,'5.00',NULL,NULL,1,49),(26641,'5.00',NULL,NULL,1,49),(26642,'5.00',NULL,NULL,1,49),(26643,'5.00',NULL,NULL,1,49),(26644,'5.00',NULL,NULL,1,49),(26645,'5.00',NULL,NULL,1,49),(26646,'5.00',NULL,NULL,1,49),(26647,'5.00',NULL,NULL,1,49),(26648,'5.00',NULL,NULL,1,49),(26649,'5.00',NULL,NULL,1,49),(26650,'5.00',NULL,NULL,1,49),(26651,'5.00',NULL,NULL,1,49),(26652,'5.00',NULL,NULL,1,49),(26653,'5.00',NULL,NULL,1,49),(26654,'5.00',NULL,NULL,1,49),(26655,'5.00',NULL,NULL,1,49),(26656,'5.00',NULL,NULL,1,49),(26657,'5.00',NULL,NULL,1,49),(26658,'5.00',NULL,NULL,1,49),(26659,'5.00',NULL,NULL,1,49),(26660,'5.00',NULL,NULL,1,49),(26661,'5.00',NULL,NULL,1,49),(26662,'5.00',NULL,NULL,1,49),(26663,'5.00',NULL,NULL,1,49),(26664,'5.00',NULL,NULL,1,49),(26665,'5.00',NULL,NULL,1,49),(26666,'5.00',NULL,NULL,1,49),(26667,'5.00',NULL,NULL,1,49),(26668,'5.00',NULL,NULL,1,49),(26669,'5.00',NULL,NULL,1,49),(26670,'5.00',NULL,NULL,1,49),(26671,'5.00',NULL,NULL,1,49),(26672,'5.00',NULL,NULL,1,49),(26673,'5.00',NULL,NULL,1,49),(26674,'5.00',NULL,NULL,1,49),(26675,'5.00',NULL,NULL,1,49),(26676,'5.00',NULL,NULL,1,49),(26677,'5.00',NULL,NULL,1,49),(26678,'5.00',NULL,NULL,1,49),(26679,'5.00',NULL,NULL,1,49),(26680,'5.00',NULL,NULL,1,49),(26681,'5.00',NULL,NULL,1,49),(26682,'5.00',NULL,NULL,1,49),(26683,'5.00',NULL,NULL,1,49),(26684,'5.00',NULL,NULL,1,49),(26685,'5.00',NULL,NULL,1,49),(26686,'5.00',NULL,NULL,1,49),(26687,'5.00',NULL,NULL,1,49),(26688,'5.00',NULL,NULL,1,49),(26689,'5.00',NULL,NULL,1,49),(26690,'5.00',NULL,NULL,1,49),(26691,'5.00',NULL,NULL,1,49),(26692,'5.00',NULL,NULL,1,49),(26693,'5.00',NULL,NULL,1,49),(26694,'5.00',NULL,NULL,1,49),(26695,'5.00',NULL,NULL,1,49),(26696,'5.00',NULL,NULL,1,49),(26697,'5.00',NULL,NULL,1,49),(26698,'5.00',NULL,NULL,1,49),(26699,'5.00',NULL,NULL,1,49),(26700,'5.00',NULL,NULL,1,49),(26701,'5.00',NULL,NULL,1,49),(26702,'5.00',NULL,NULL,1,49),(26703,'5.00',NULL,NULL,1,49),(26704,'5.00',NULL,NULL,1,49),(26705,'5.00',NULL,NULL,1,49),(26706,'5.00',NULL,NULL,1,49),(26707,'5.00',NULL,NULL,1,49),(26708,'5.00',NULL,NULL,1,49),(26709,'5.00',NULL,NULL,1,49),(26710,'5.00',NULL,NULL,1,49),(26711,'5.00',NULL,NULL,1,49),(26712,'5.00',NULL,NULL,1,49),(26713,'5.00',NULL,NULL,1,49),(26714,'5.00',NULL,NULL,1,49),(26715,'5.00',NULL,NULL,1,49),(26716,'5.00',NULL,NULL,1,49),(26717,'5.00',NULL,NULL,1,49),(26718,'5.00',NULL,NULL,1,49),(26719,'5.00',NULL,NULL,1,49),(26720,'5.00',NULL,NULL,1,50),(26721,'5.00',NULL,NULL,1,50),(26722,'5.00',NULL,NULL,1,50),(26723,'5.00',NULL,NULL,1,50),(26724,'5.00',NULL,NULL,1,50),(26725,'5.00',NULL,NULL,1,50),(26726,'5.00',NULL,NULL,1,50),(26727,'5.00',NULL,NULL,1,50),(26728,'5.00',NULL,NULL,1,50),(26729,'5.00',NULL,NULL,1,50),(26730,'5.00',NULL,NULL,1,50),(26731,'5.00',NULL,NULL,1,50),(26732,'5.00',NULL,NULL,1,50),(26733,'5.00',NULL,NULL,1,50),(26734,'5.00',NULL,NULL,1,50),(26735,'5.00',NULL,NULL,1,50),(26736,'5.00',NULL,NULL,1,50),(26737,'5.00',NULL,NULL,1,50),(26738,'5.00',NULL,NULL,1,50),(26739,'5.00',NULL,NULL,1,50),(26740,'5.00',NULL,NULL,1,50),(26741,'5.00',NULL,NULL,1,50),(26742,'5.00',NULL,NULL,1,50),(26743,'5.00',NULL,NULL,1,50),(26744,'5.00',NULL,NULL,1,50),(26745,'5.00',NULL,NULL,1,50),(26746,'5.00',NULL,NULL,1,50),(26747,'5.00',NULL,NULL,1,50),(26748,'5.00',NULL,NULL,1,50),(26749,'5.00',NULL,NULL,1,50),(26750,'5.00',NULL,NULL,1,50),(26751,'5.00',NULL,NULL,1,50),(26752,'5.00',NULL,NULL,1,50),(26753,'5.00',NULL,NULL,1,50),(26754,'5.00',NULL,NULL,1,50),(26755,'5.00',NULL,NULL,1,50),(26756,'5.00',NULL,NULL,1,50),(26757,'5.00',NULL,NULL,1,50),(26758,'5.00',NULL,NULL,1,50),(26759,'5.00',NULL,NULL,1,50),(26760,'5.00',NULL,NULL,1,50),(26761,'5.00',NULL,NULL,1,50),(26762,'5.00',NULL,NULL,1,50),(26763,'5.00',NULL,NULL,1,50),(26764,'5.00',NULL,NULL,1,50),(26765,'5.00',NULL,NULL,1,50),(26766,'5.00',NULL,NULL,1,50),(26767,'5.00',NULL,NULL,1,50),(26768,'5.00',NULL,NULL,1,50),(26769,'5.00',NULL,NULL,1,50),(26770,'10.00',NULL,NULL,1,52),(26771,'10.00',NULL,NULL,1,52),(26772,'10.00',NULL,NULL,1,52),(26773,'10.00',NULL,NULL,1,52),(26774,'10.00',NULL,NULL,1,52),(26775,'10.00',NULL,NULL,1,52),(26776,'10.00',NULL,NULL,1,52),(26777,'10.00',NULL,NULL,1,52),(26778,'10.00',NULL,NULL,1,52),(26779,'10.00',NULL,NULL,1,52),(26780,'10.00',NULL,NULL,1,52),(26781,'10.00',NULL,NULL,1,52),(26782,'10.00',NULL,NULL,1,52),(26783,'10.00',NULL,NULL,1,52),(26784,'10.00',NULL,NULL,1,52),(26785,'10.00',NULL,NULL,1,52),(26786,'10.00',NULL,NULL,1,52),(26787,'10.00',NULL,NULL,1,52),(26788,'10.00',NULL,NULL,1,52),(26789,'10.00',NULL,NULL,1,52),(26790,'10.00',NULL,NULL,1,52),(26791,'10.00',NULL,NULL,1,52),(26792,'10.00',NULL,NULL,1,52),(26793,'10.00',NULL,NULL,1,52),(26794,'10.00',NULL,NULL,1,52),(26795,'10.00',NULL,NULL,1,52),(26796,'10.00',NULL,NULL,1,52),(26797,'10.00',NULL,NULL,1,52),(26798,'10.00',NULL,NULL,1,52),(26799,'10.00',NULL,NULL,1,52),(26800,'10.00',NULL,NULL,1,52),(26801,'10.00',NULL,NULL,1,52),(26802,'10.00',NULL,NULL,1,52),(26803,'10.00',NULL,NULL,1,52),(26804,'10.00',NULL,NULL,1,52),(26805,'10.00',NULL,NULL,1,52),(26806,'10.00',NULL,NULL,1,52),(26807,'10.00',NULL,NULL,1,52),(26808,'10.00',NULL,NULL,1,52),(26809,'10.00',NULL,NULL,1,52),(26810,'10.00',NULL,NULL,1,52),(26811,'10.00',NULL,NULL,1,52),(26812,'10.00',NULL,NULL,1,52),(26813,'10.00',NULL,NULL,1,52),(26814,'10.00',NULL,NULL,1,52),(26815,'10.00',NULL,NULL,1,52),(26816,'10.00',NULL,NULL,1,52),(26817,'10.00',NULL,NULL,1,52),(26818,'10.00',NULL,NULL,1,52),(26819,'10.00',NULL,NULL,1,52),(26820,'10.00',NULL,NULL,1,52),(26821,'10.00',NULL,NULL,1,52),(26822,'10.00',NULL,NULL,1,52),(26823,'10.00',NULL,NULL,1,52),(26824,'10.00',NULL,NULL,1,52),(26825,'10.00',NULL,NULL,1,52),(26826,'10.00',NULL,NULL,1,52),(26827,'10.00',NULL,NULL,1,52),(26828,'10.00',NULL,NULL,1,52),(26829,'10.00',NULL,NULL,1,52),(26830,'10.00',NULL,NULL,1,52),(26831,'10.00',NULL,NULL,1,52),(26832,'10.00',NULL,NULL,1,52),(26833,'10.00',NULL,NULL,1,52),(26834,'10.00',NULL,NULL,1,52),(26835,'10.00',NULL,NULL,1,52),(26836,'10.00',NULL,NULL,1,52),(26837,'10.00',NULL,NULL,1,52),(26838,'10.00',NULL,NULL,1,52),(26839,'10.00',NULL,NULL,1,52),(26840,'10.00',NULL,NULL,1,52),(26841,'10.00',NULL,NULL,1,52),(26842,'10.00',NULL,NULL,1,52),(26843,'10.00',NULL,NULL,1,52),(26844,'10.00',NULL,NULL,1,52),(26845,'10.00',NULL,NULL,1,52),(26846,'10.00',NULL,NULL,1,52),(26847,'10.00',NULL,NULL,1,52),(26848,'10.00',NULL,NULL,1,52),(26849,'10.00',NULL,NULL,1,52),(26850,'10.00',NULL,NULL,1,52),(26851,'10.00',NULL,NULL,1,52),(26852,'10.00',NULL,NULL,1,52),(26853,'10.00',NULL,NULL,1,52),(26854,'10.00',NULL,NULL,1,52),(26855,'10.00',NULL,NULL,1,52),(26856,'10.00',NULL,NULL,1,52),(26857,'10.00',NULL,NULL,1,52),(26858,'10.00',NULL,NULL,1,52),(26859,'10.00',NULL,NULL,1,52),(26860,'10.00',NULL,NULL,1,52),(26861,'10.00',NULL,NULL,1,52),(26862,'10.00',NULL,NULL,1,52),(26863,'10.00',NULL,NULL,1,52),(26864,'10.00',NULL,NULL,1,52),(26865,'10.00',NULL,NULL,1,52),(26866,'10.00',NULL,NULL,1,52),(26867,'10.00',NULL,NULL,1,52),(26868,'10.00',NULL,NULL,1,52),(26869,'10.00',NULL,NULL,1,52),(26870,'10.00',NULL,NULL,1,52),(26871,'10.00',NULL,NULL,1,52),(26872,'10.00',NULL,NULL,1,52),(26873,'10.00',NULL,NULL,1,52),(26874,'10.00',NULL,NULL,1,52),(26875,'10.00',NULL,NULL,1,52),(26876,'10.00',NULL,NULL,1,52),(26877,'10.00',NULL,NULL,1,52),(26878,'10.00',NULL,NULL,1,52),(26879,'10.00',NULL,NULL,1,52),(26880,'10.00',NULL,NULL,1,52),(26881,'10.00',NULL,NULL,1,52),(26882,'10.00',NULL,NULL,1,52),(26883,'10.00',NULL,NULL,1,52),(26884,'10.00',NULL,NULL,1,52),(26885,'10.00',NULL,NULL,1,52),(26886,'10.00',NULL,NULL,1,52),(26887,'10.00',NULL,NULL,1,52),(26888,'10.00',NULL,NULL,1,52),(26889,'10.00',NULL,NULL,1,52),(26890,'10.00',NULL,NULL,1,52),(26891,'10.00',NULL,NULL,1,52),(26892,'10.00',NULL,NULL,1,52),(26893,'10.00',NULL,NULL,1,52),(26894,'10.00',NULL,NULL,1,52),(26895,'10.00',NULL,NULL,1,52),(26896,'10.00',NULL,NULL,1,52),(26897,'10.00',NULL,NULL,1,52),(26898,'10.00',NULL,NULL,1,52),(26899,'10.00',NULL,NULL,1,52),(26900,'10.00',NULL,NULL,1,52),(26901,'10.00',NULL,NULL,1,52),(26902,'10.00',NULL,NULL,1,52),(26903,'10.00',NULL,NULL,1,52),(26904,'10.00',NULL,NULL,1,52),(26905,'10.00',NULL,NULL,1,52),(26906,'10.00',NULL,NULL,1,52),(26907,'10.00',NULL,NULL,1,52),(26908,'10.00',NULL,NULL,1,52),(26909,'10.00',NULL,NULL,1,52),(26910,'10.00',NULL,NULL,1,52),(26911,'10.00',NULL,NULL,1,52),(26912,'10.00',NULL,NULL,1,52),(26913,'10.00',NULL,NULL,1,52),(26914,'10.00',NULL,NULL,1,52),(26915,'10.00',NULL,NULL,1,52),(26916,'10.00',NULL,NULL,1,52),(26917,'10.00',NULL,NULL,1,52),(26918,'10.00',NULL,NULL,1,52),(26919,'10.00',NULL,NULL,1,52),(26920,'10.00',NULL,NULL,1,52),(26921,'10.00',NULL,NULL,1,52),(26922,'10.00',NULL,NULL,1,52),(26923,'10.00',NULL,NULL,1,52),(26924,'10.00',NULL,NULL,1,52),(26925,'10.00',NULL,NULL,1,52),(26926,'10.00',NULL,NULL,1,52),(26927,'10.00',NULL,NULL,1,52),(26928,'10.00',NULL,NULL,1,52),(26929,'10.00',NULL,NULL,1,52),(26930,'10.00',NULL,NULL,1,52),(26931,'10.00',NULL,NULL,1,52),(26932,'10.00',NULL,NULL,1,52),(26933,'10.00',NULL,NULL,1,52),(26934,'10.00',NULL,NULL,1,52),(26935,'10.00',NULL,NULL,1,52),(26936,'10.00',NULL,NULL,1,52),(26937,'10.00',NULL,NULL,1,52),(26938,'10.00',NULL,NULL,1,52),(26939,'10.00',NULL,NULL,1,52),(26940,'10.00',NULL,NULL,1,52),(26941,'10.00',NULL,NULL,1,52),(26942,'10.00',NULL,NULL,1,52),(26943,'10.00',NULL,NULL,1,52),(26944,'10.00',NULL,NULL,1,52),(26945,'10.00',NULL,NULL,1,52),(26946,'10.00',NULL,NULL,1,52),(26947,'10.00',NULL,NULL,1,52),(26948,'10.00',NULL,NULL,1,52),(26949,'10.00',NULL,NULL,1,52),(26950,'10.00',NULL,NULL,1,52),(26951,'10.00',NULL,NULL,1,52),(26952,'10.00',NULL,NULL,1,52),(26953,'10.00',NULL,NULL,1,52),(26954,'10.00',NULL,NULL,1,52),(26955,'10.00',NULL,NULL,1,52),(26956,'10.00',NULL,NULL,1,52),(26957,'10.00',NULL,NULL,1,52),(26958,'10.00',NULL,NULL,1,52),(26959,'10.00',NULL,NULL,1,52),(26960,'10.00',NULL,NULL,1,52),(26961,'10.00',NULL,NULL,1,52),(26962,'10.00',NULL,NULL,1,52),(26963,'10.00',NULL,NULL,1,52),(26964,'10.00',NULL,NULL,1,52),(26965,'10.00',NULL,NULL,1,52),(26966,'10.00',NULL,NULL,1,52),(26967,'10.00',NULL,NULL,1,52),(26968,'10.00',NULL,NULL,1,52),(26969,'10.00',NULL,NULL,1,52),(26970,'10.00',NULL,NULL,1,52),(26971,'10.00',NULL,NULL,1,52),(26972,'10.00',NULL,NULL,1,52),(26973,'10.00',NULL,NULL,1,52),(26974,'10.00',NULL,NULL,1,52),(26975,'10.00',NULL,NULL,1,52),(26976,'10.00',NULL,NULL,1,52),(26977,'10.00',NULL,NULL,1,52),(26978,'10.00',NULL,NULL,1,52),(26979,'10.00',NULL,NULL,1,52),(26980,'10.00',NULL,NULL,1,52),(26981,'10.00',NULL,NULL,1,52),(26982,'10.00',NULL,NULL,1,52),(26983,'10.00',NULL,NULL,1,52),(26984,'10.00',NULL,NULL,1,52),(26985,'10.00',NULL,NULL,1,52),(26986,'10.00',NULL,NULL,1,52),(26987,'10.00',NULL,NULL,1,52),(26988,'10.00',NULL,NULL,1,52),(26989,'10.00',NULL,NULL,1,52),(26990,'10.00',NULL,NULL,1,52),(26991,'10.00',NULL,NULL,1,52),(26992,'10.00',NULL,NULL,1,52),(26993,'10.00',NULL,NULL,1,52),(26994,'10.00',NULL,NULL,1,52),(26995,'10.00',NULL,NULL,1,52),(26996,'10.00',NULL,NULL,1,52),(26997,'10.00',NULL,NULL,1,52),(26998,'10.00',NULL,NULL,1,52),(26999,'10.00',NULL,NULL,1,52),(27000,'10.00',NULL,NULL,1,52),(27001,'10.00',NULL,NULL,1,52),(27002,'10.00',NULL,NULL,1,52),(27003,'10.00',NULL,NULL,1,52),(27004,'10.00',NULL,NULL,1,52),(27005,'10.00',NULL,NULL,1,52),(27006,'10.00',NULL,NULL,1,52),(27007,'10.00',NULL,NULL,1,52),(27008,'10.00',NULL,NULL,1,52),(27009,'10.00',NULL,NULL,1,52),(27010,'10.00',NULL,NULL,1,52),(27011,'10.00',NULL,NULL,1,52),(27012,'10.00',NULL,NULL,1,52),(27013,'10.00',NULL,NULL,1,52),(27014,'10.00',NULL,NULL,1,52),(27015,'10.00',NULL,NULL,1,52),(27016,'10.00',NULL,NULL,1,52),(27017,'10.00',NULL,NULL,1,52),(27018,'10.00',NULL,NULL,1,52),(27019,'10.00',NULL,NULL,1,52),(27020,'10.00',NULL,NULL,1,52),(27021,'10.00',NULL,NULL,1,52),(27022,'10.00',NULL,NULL,1,52),(27023,'10.00',NULL,NULL,1,52),(27024,'10.00',NULL,NULL,1,52),(27025,'10.00',NULL,NULL,1,52),(27026,'10.00',NULL,NULL,1,52),(27027,'10.00',NULL,NULL,1,52),(27028,'10.00',NULL,NULL,1,52),(27029,'10.00',NULL,NULL,1,52),(27030,'10.00',NULL,NULL,1,52),(27031,'10.00',NULL,NULL,1,52),(27032,'10.00',NULL,NULL,1,52),(27033,'10.00',NULL,NULL,1,52),(27034,'10.00',NULL,NULL,1,52),(27035,'10.00',NULL,NULL,1,52),(27036,'10.00',NULL,NULL,1,52),(27037,'10.00',NULL,NULL,1,52),(27038,'10.00',NULL,NULL,1,52),(27039,'10.00',NULL,NULL,1,52),(27040,'10.00',NULL,NULL,1,52),(27041,'10.00',NULL,NULL,1,52),(27042,'10.00',NULL,NULL,1,52),(27043,'10.00',NULL,NULL,1,52),(27044,'10.00',NULL,NULL,1,52),(27045,'10.00',NULL,NULL,1,52),(27046,'10.00',NULL,NULL,1,52),(27047,'10.00',NULL,NULL,1,52),(27048,'10.00',NULL,NULL,1,52),(27049,'10.00',NULL,NULL,1,52),(27050,'10.00',NULL,NULL,1,52),(27051,'10.00',NULL,NULL,1,52),(27052,'10.00',NULL,NULL,1,52),(27053,'10.00',NULL,NULL,1,52),(27054,'10.00',NULL,NULL,1,52),(27055,'10.00',NULL,NULL,1,52),(27056,'10.00',NULL,NULL,1,52),(27057,'10.00',NULL,NULL,1,52),(27058,'10.00',NULL,NULL,1,52),(27059,'10.00',NULL,NULL,1,52),(27060,'10.00',NULL,NULL,1,52),(27061,'10.00',NULL,NULL,1,52),(27062,'10.00',NULL,NULL,1,52),(27063,'10.00',NULL,NULL,1,52),(27064,'10.00',NULL,NULL,1,52),(27065,'10.00',NULL,NULL,1,52),(27066,'10.00',NULL,NULL,1,52),(27067,'10.00',NULL,NULL,1,52),(27068,'10.00',NULL,NULL,1,52),(27069,'10.00',NULL,NULL,1,52),(27070,'10.00',NULL,NULL,1,52),(27071,'10.00',NULL,NULL,1,52),(27072,'10.00',NULL,NULL,1,52),(27073,'10.00',NULL,NULL,1,52),(27074,'10.00',NULL,NULL,1,52),(27075,'10.00',NULL,NULL,1,52),(27076,'10.00',NULL,NULL,1,52),(27077,'10.00',NULL,NULL,1,52),(27078,'10.00',NULL,NULL,1,52),(27079,'10.00',NULL,NULL,1,52),(27080,'10.00',NULL,NULL,1,52),(27081,'10.00',NULL,NULL,1,52),(27082,'10.00',NULL,NULL,1,52),(27083,'10.00',NULL,NULL,1,52),(27084,'10.00',NULL,NULL,1,52),(27085,'10.00',NULL,NULL,1,52),(27086,'10.00',NULL,NULL,1,52),(27087,'10.00',NULL,NULL,1,52),(27088,'10.00',NULL,NULL,1,52),(27089,'10.00',NULL,NULL,1,52),(27090,'10.00',NULL,NULL,1,52),(27091,'10.00',NULL,NULL,1,52),(27092,'10.00',NULL,NULL,1,52),(27093,'10.00',NULL,NULL,1,52),(27094,'10.00',NULL,NULL,1,52),(27095,'10.00',NULL,NULL,1,52),(27096,'10.00',NULL,NULL,1,52),(27097,'10.00',NULL,NULL,1,52),(27098,'10.00',NULL,NULL,1,52),(27099,'10.00',NULL,NULL,1,52),(27100,'10.00',NULL,NULL,1,52),(27101,'10.00',NULL,NULL,1,52),(27102,'10.00',NULL,NULL,1,52),(27103,'10.00',NULL,NULL,1,52),(27104,'10.00',NULL,NULL,1,52),(27105,'10.00',NULL,NULL,1,52),(27106,'10.00',NULL,NULL,1,52),(27107,'10.00',NULL,NULL,1,52),(27108,'10.00',NULL,NULL,1,52),(27109,'10.00',NULL,NULL,1,52),(27110,'10.00',NULL,NULL,1,52),(27111,'10.00',NULL,NULL,1,52),(27112,'10.00',NULL,NULL,1,52),(27113,'10.00',NULL,NULL,1,52),(27114,'10.00',NULL,NULL,1,52),(27115,'10.00',NULL,NULL,1,52),(27116,'10.00',NULL,NULL,1,52),(27117,'10.00',NULL,NULL,1,52),(27118,'10.00',NULL,NULL,1,52),(27119,'10.00',NULL,NULL,1,52),(27120,'10.00',NULL,NULL,1,52),(27121,'10.00',NULL,NULL,1,52),(27122,'10.00',NULL,NULL,1,52),(27123,'10.00',NULL,NULL,1,52),(27124,'10.00',NULL,NULL,1,52),(27125,'10.00',NULL,NULL,1,52),(27126,'10.00',NULL,NULL,1,52),(27127,'10.00',NULL,NULL,1,52),(27128,'10.00',NULL,NULL,1,52),(27129,'10.00',NULL,NULL,1,52),(27130,'10.00',NULL,NULL,1,52),(27131,'10.00',NULL,NULL,1,52),(27132,'10.00',NULL,NULL,1,52),(27133,'10.00',NULL,NULL,1,52),(27134,'10.00',NULL,NULL,1,52),(27135,'10.00',NULL,NULL,1,52),(27136,'10.00',NULL,NULL,1,52),(27137,'10.00',NULL,NULL,1,52),(27138,'10.00',NULL,NULL,1,52),(27139,'10.00',NULL,NULL,1,52),(27140,'10.00',NULL,NULL,1,52),(27141,'10.00',NULL,NULL,1,52),(27142,'10.00',NULL,NULL,1,52),(27143,'10.00',NULL,NULL,1,52),(27144,'10.00',NULL,NULL,1,52),(27145,'10.00',NULL,NULL,1,52),(27146,'10.00',NULL,NULL,1,52),(27147,'10.00',NULL,NULL,1,52),(27148,'10.00',NULL,NULL,1,52),(27149,'10.00',NULL,NULL,1,52),(27150,'10.00',NULL,NULL,1,52),(27151,'10.00',NULL,NULL,1,52),(27152,'10.00',NULL,NULL,1,52),(27153,'10.00',NULL,NULL,1,52),(27154,'10.00',NULL,NULL,1,52),(27155,'10.00',NULL,NULL,1,52),(27156,'10.00',NULL,NULL,1,52),(27157,'10.00',NULL,NULL,1,52),(27158,'10.00',NULL,NULL,1,52),(27159,'10.00',NULL,NULL,1,52),(27160,'10.00',NULL,NULL,1,52),(27161,'10.00',NULL,NULL,1,52),(27162,'10.00',NULL,NULL,1,52),(27163,'10.00',NULL,NULL,1,52),(27164,'10.00',NULL,NULL,1,52),(27165,'10.00',NULL,NULL,1,52),(27166,'10.00',NULL,NULL,1,52),(27167,'10.00',NULL,NULL,1,52),(27168,'10.00',NULL,NULL,1,52),(27169,'10.00',NULL,NULL,1,52),(27170,'10.00',NULL,NULL,1,52),(27171,'10.00',NULL,NULL,1,52),(27172,'10.00',NULL,NULL,1,52),(27173,'10.00',NULL,NULL,1,52),(27174,'10.00',NULL,NULL,1,52),(27175,'10.00',NULL,NULL,1,52),(27176,'10.00',NULL,NULL,1,52),(27177,'10.00',NULL,NULL,1,52),(27178,'10.00',NULL,NULL,1,52),(27179,'10.00',NULL,NULL,1,52),(27180,'10.00',NULL,NULL,1,52),(27181,'10.00',NULL,NULL,1,52),(27182,'10.00',NULL,NULL,1,52),(27183,'10.00',NULL,NULL,1,52),(27184,'10.00',NULL,NULL,1,52),(27185,'10.00',NULL,NULL,1,52),(27186,'10.00',NULL,NULL,1,52),(27187,'10.00',NULL,NULL,1,52),(27188,'10.00',NULL,NULL,1,52),(27189,'10.00',NULL,NULL,1,52),(27190,'10.00',NULL,NULL,1,52),(27191,'10.00',NULL,NULL,1,52),(27192,'10.00',NULL,NULL,1,52),(27193,'10.00',NULL,NULL,1,52),(27194,'10.00',NULL,NULL,1,52),(27195,'10.00',NULL,NULL,1,52),(27196,'10.00',NULL,NULL,1,52),(27197,'10.00',NULL,NULL,1,52),(27198,'10.00',NULL,NULL,1,52),(27199,'10.00',NULL,NULL,1,52),(27200,'10.00',NULL,NULL,1,52),(27201,'10.00',NULL,NULL,1,52),(27202,'10.00',NULL,NULL,1,52),(27203,'10.00',NULL,NULL,1,52),(27204,'10.00',NULL,NULL,1,52),(27205,'10.00',NULL,NULL,1,52),(27206,'10.00',NULL,NULL,1,52),(27207,'10.00',NULL,NULL,1,52),(27208,'10.00',NULL,NULL,1,52),(27209,'10.00',NULL,NULL,1,52),(27210,'10.00',NULL,NULL,1,52),(27211,'10.00',NULL,NULL,1,52),(27212,'10.00',NULL,NULL,1,52),(27213,'10.00',NULL,NULL,1,52),(27214,'10.00',NULL,NULL,1,52),(27215,'10.00',NULL,NULL,1,52),(27216,'10.00',NULL,NULL,1,52),(27217,'10.00',NULL,NULL,1,52),(27218,'10.00',NULL,NULL,1,52),(27219,'10.00',NULL,NULL,1,52),(27220,'10.00',NULL,NULL,1,52),(27221,'10.00',NULL,NULL,1,52),(27222,'10.00',NULL,NULL,1,52),(27223,'10.00',NULL,NULL,1,52),(27224,'10.00',NULL,NULL,1,52),(27225,'10.00',NULL,NULL,1,52),(27226,'10.00',NULL,NULL,1,52),(27227,'10.00',NULL,NULL,1,52),(27228,'10.00',NULL,NULL,1,52),(27229,'10.00',NULL,NULL,1,52),(27230,'10.00',NULL,NULL,1,52),(27231,'10.00',NULL,NULL,1,52),(27232,'10.00',NULL,NULL,1,52),(27233,'10.00',NULL,NULL,1,52),(27234,'10.00',NULL,NULL,1,52),(27235,'10.00',NULL,NULL,1,52),(27236,'10.00',NULL,NULL,1,52),(27237,'10.00',NULL,NULL,1,52),(27238,'10.00',NULL,NULL,1,52),(27239,'10.00',NULL,NULL,1,52),(27240,'10.00',NULL,NULL,1,52),(27241,'10.00',NULL,NULL,1,52),(27242,'10.00',NULL,NULL,1,52),(27243,'10.00',NULL,NULL,1,52),(27244,'10.00',NULL,NULL,1,52),(27245,'10.00',NULL,NULL,1,52),(27246,'10.00',NULL,NULL,1,52),(27247,'10.00',NULL,NULL,1,52),(27248,'10.00',NULL,NULL,1,52),(27249,'10.00',NULL,NULL,1,52),(27250,'10.00',NULL,NULL,1,52),(27251,'10.00',NULL,NULL,1,52),(27252,'10.00',NULL,NULL,1,52),(27253,'10.00',NULL,NULL,1,52),(27254,'10.00',NULL,NULL,1,52),(27255,'10.00',NULL,NULL,1,52),(27256,'10.00',NULL,NULL,1,52),(27257,'10.00',NULL,NULL,1,52),(27258,'10.00',NULL,NULL,1,52),(27259,'10.00',NULL,NULL,1,52),(27260,'10.00',NULL,NULL,1,52),(27261,'10.00',NULL,NULL,1,52),(27262,'10.00',NULL,NULL,1,52),(27263,'10.00',NULL,NULL,1,52),(27264,'10.00',NULL,NULL,1,52),(27265,'10.00',NULL,NULL,1,52),(27266,'10.00',NULL,NULL,1,52),(27267,'10.00',NULL,NULL,1,52),(27268,'10.00',NULL,NULL,1,52),(27269,'10.00',NULL,NULL,1,52),(27270,'10.00',NULL,NULL,1,52),(27271,'10.00',NULL,NULL,1,52),(27272,'10.00',NULL,NULL,1,52),(27273,'10.00',NULL,NULL,1,52),(27274,'10.00',NULL,NULL,1,52),(27275,'10.00',NULL,NULL,1,52),(27276,'10.00',NULL,NULL,1,52),(27277,'10.00',NULL,NULL,1,52),(27278,'10.00',NULL,NULL,1,52),(27279,'10.00',NULL,NULL,1,52),(27280,'10.00',NULL,NULL,1,52),(27281,'10.00',NULL,NULL,1,52),(27282,'10.00',NULL,NULL,1,52),(27283,'10.00',NULL,NULL,1,52),(27284,'10.00',NULL,NULL,1,52),(27285,'10.00',NULL,NULL,1,52),(27286,'10.00',NULL,NULL,1,52),(27287,'10.00',NULL,NULL,1,52),(27288,'10.00',NULL,NULL,1,52),(27289,'10.00',NULL,NULL,1,52),(27290,'10.00',NULL,NULL,1,52),(27291,'10.00',NULL,NULL,1,52),(27292,'10.00',NULL,NULL,1,52),(27293,'10.00',NULL,NULL,1,52),(27294,'10.00',NULL,NULL,1,52),(27295,'10.00',NULL,NULL,1,52),(27296,'10.00',NULL,NULL,1,52),(27297,'10.00',NULL,NULL,1,52),(27298,'10.00',NULL,NULL,1,52),(27299,'10.00',NULL,NULL,1,52),(27300,'10.00',NULL,NULL,1,52),(27301,'10.00',NULL,NULL,1,52),(27302,'10.00',NULL,NULL,1,52),(27303,'10.00',NULL,NULL,1,52),(27304,'10.00',NULL,NULL,1,52),(27305,'10.00',NULL,NULL,1,52),(27306,'10.00',NULL,NULL,1,52),(27307,'10.00',NULL,NULL,1,52),(27308,'10.00',NULL,NULL,1,52),(27309,'10.00',NULL,NULL,1,52),(27310,'10.00',NULL,NULL,1,52),(27311,'10.00',NULL,NULL,1,52),(27312,'10.00',NULL,NULL,1,52),(27313,'10.00',NULL,NULL,1,52),(27314,'10.00',NULL,NULL,1,52),(27315,'10.00',NULL,NULL,1,52),(27316,'10.00',NULL,NULL,1,52),(27317,'10.00',NULL,NULL,1,52),(27318,'10.00',NULL,NULL,1,52),(27319,'10.00',NULL,NULL,1,52),(27320,'10.00',NULL,NULL,1,52),(27321,'10.00',NULL,NULL,1,52),(27322,'10.00',NULL,NULL,1,52),(27323,'10.00',NULL,NULL,1,52),(27324,'10.00',NULL,NULL,1,52),(27325,'10.00',NULL,NULL,1,52),(27326,'10.00',NULL,NULL,1,52),(27327,'10.00',NULL,NULL,1,52),(27328,'10.00',NULL,NULL,1,52),(27329,'10.00',NULL,NULL,1,52),(27330,'10.00',NULL,NULL,1,52),(27331,'10.00',NULL,NULL,1,52),(27332,'10.00',NULL,NULL,1,52),(27333,'10.00',NULL,NULL,1,52),(27334,'10.00',NULL,NULL,1,52),(27335,'10.00',NULL,NULL,1,52),(27336,'10.00',NULL,NULL,1,52),(27337,'10.00',NULL,NULL,1,52),(27338,'10.00',NULL,NULL,1,52),(27339,'10.00',NULL,NULL,1,52),(27340,'10.00',NULL,NULL,1,52),(27341,'10.00',NULL,NULL,1,52),(27342,'10.00',NULL,NULL,1,52),(27343,'10.00',NULL,NULL,1,52),(27344,'10.00',NULL,NULL,1,52),(27345,'10.00',NULL,NULL,1,52),(27346,'10.00',NULL,NULL,1,52),(27347,'10.00',NULL,NULL,1,52),(27348,'10.00',NULL,NULL,1,52),(27349,'10.00',NULL,NULL,1,52),(27350,'10.00',NULL,NULL,1,52),(27351,'10.00',NULL,NULL,1,52),(27352,'10.00',NULL,NULL,1,52),(27353,'10.00',NULL,NULL,1,52),(27354,'10.00',NULL,NULL,1,52),(27355,'10.00',NULL,NULL,1,52),(27356,'10.00',NULL,NULL,1,52),(27357,'10.00',NULL,NULL,1,52),(27358,'10.00',NULL,NULL,1,52),(27359,'10.00',NULL,NULL,1,52),(27360,'10.00',NULL,NULL,1,52),(27361,'10.00',NULL,NULL,1,52),(27362,'10.00',NULL,NULL,1,52),(27363,'10.00',NULL,NULL,1,52),(27364,'10.00',NULL,NULL,1,52),(27365,'10.00',NULL,NULL,1,52),(27366,'10.00',NULL,NULL,1,52),(27367,'10.00',NULL,NULL,1,52),(27368,'10.00',NULL,NULL,1,52),(27369,'10.00',NULL,NULL,1,52),(27370,'10.00',NULL,NULL,1,52),(27371,'10.00',NULL,NULL,1,52),(27372,'10.00',NULL,NULL,1,52),(27373,'10.00',NULL,NULL,1,52),(27374,'10.00',NULL,NULL,1,52),(27375,'10.00',NULL,NULL,1,52),(27376,'10.00',NULL,NULL,1,52),(27377,'10.00',NULL,NULL,1,52),(27378,'10.00',NULL,NULL,1,52),(27379,'10.00',NULL,NULL,1,52),(27380,'10.00',NULL,NULL,1,52),(27381,'10.00',NULL,NULL,1,52),(27382,'10.00',NULL,NULL,1,52),(27383,'10.00',NULL,NULL,1,52),(27384,'10.00',NULL,NULL,1,52),(27385,'10.00',NULL,NULL,1,52),(27386,'10.00',NULL,NULL,1,52),(27387,'10.00',NULL,NULL,1,52),(27388,'10.00',NULL,NULL,1,52),(27389,'10.00',NULL,NULL,1,52),(27390,'10.00',NULL,NULL,1,52),(27391,'10.00',NULL,NULL,1,52),(27392,'10.00',NULL,NULL,1,52),(27393,'10.00',NULL,NULL,1,52),(27394,'10.00',NULL,NULL,1,52),(27395,'10.00',NULL,NULL,1,52),(27396,'10.00',NULL,NULL,1,52),(27397,'10.00',NULL,NULL,1,52),(27398,'10.00',NULL,NULL,1,52),(27399,'10.00',NULL,NULL,1,52),(27400,'10.00',NULL,NULL,1,52),(27401,'10.00',NULL,NULL,1,52),(27402,'10.00',NULL,NULL,1,52),(27403,'10.00',NULL,NULL,1,52),(27404,'10.00',NULL,NULL,1,52),(27405,'10.00',NULL,NULL,1,52),(27406,'10.00',NULL,NULL,1,52),(27407,'10.00',NULL,NULL,1,52),(27408,'10.00',NULL,NULL,1,52),(27409,'10.00',NULL,NULL,1,52),(27410,'10.00',NULL,NULL,1,52),(27411,'10.00',NULL,NULL,1,52),(27412,'10.00',NULL,NULL,1,52),(27413,'10.00',NULL,NULL,1,52),(27414,'10.00',NULL,NULL,1,52),(27415,'10.00',NULL,NULL,1,52),(27416,'10.00',NULL,NULL,1,52),(27417,'10.00',NULL,NULL,1,52),(27418,'10.00',NULL,NULL,1,52),(27419,'10.00',NULL,NULL,1,52),(27420,'10.00',NULL,NULL,1,52),(27421,'10.00',NULL,NULL,1,52),(27422,'10.00',NULL,NULL,1,52),(27423,'10.00',NULL,NULL,1,52),(27424,'10.00',NULL,NULL,1,52),(27425,'10.00',NULL,NULL,1,52),(27426,'10.00',NULL,NULL,1,52),(27427,'10.00',NULL,NULL,1,52),(27428,'10.00',NULL,NULL,1,52),(27429,'10.00',NULL,NULL,1,52),(27430,'10.00',NULL,NULL,1,52),(27431,'10.00',NULL,NULL,1,52),(27432,'10.00',NULL,NULL,1,52),(27433,'10.00',NULL,NULL,1,52),(27434,'10.00',NULL,NULL,1,52),(27435,'10.00',NULL,NULL,1,52),(27436,'10.00',NULL,NULL,1,52),(27437,'10.00',NULL,NULL,1,52),(27438,'10.00',NULL,NULL,1,52),(27439,'10.00',NULL,NULL,1,52),(27440,'10.00',NULL,NULL,1,52),(27441,'10.00',NULL,NULL,1,52),(27442,'10.00',NULL,NULL,1,52),(27443,'10.00',NULL,NULL,1,52),(27444,'10.00',NULL,NULL,1,52),(27445,'10.00',NULL,NULL,1,52),(27446,'10.00',NULL,NULL,1,52),(27447,'10.00',NULL,NULL,1,52),(27448,'10.00',NULL,NULL,1,52),(27449,'10.00',NULL,NULL,1,52),(27450,'10.00',NULL,NULL,1,52),(27451,'10.00',NULL,NULL,1,52),(27452,'10.00',NULL,NULL,1,52),(27453,'10.00',NULL,NULL,1,52),(27454,'10.00',NULL,NULL,1,52),(27455,'10.00',NULL,NULL,1,52),(27456,'10.00',NULL,NULL,1,52),(27457,'10.00',NULL,NULL,1,52),(27458,'10.00',NULL,NULL,1,52),(27459,'10.00',NULL,NULL,1,52),(27460,'10.00',NULL,NULL,1,52),(27461,'10.00',NULL,NULL,1,52),(27462,'10.00',NULL,NULL,1,52),(27463,'10.00',NULL,NULL,1,52),(27464,'10.00',NULL,NULL,1,52),(27465,'10.00',NULL,NULL,1,52),(27466,'10.00',NULL,NULL,1,52),(27467,'10.00',NULL,NULL,1,52),(27468,'10.00',NULL,NULL,1,52),(27469,'10.00',NULL,NULL,1,52),(27470,'10.00',NULL,NULL,1,52),(27471,'10.00',NULL,NULL,1,52),(27472,'10.00',NULL,NULL,1,52),(27473,'10.00',NULL,NULL,1,52),(27474,'10.00',NULL,NULL,1,52),(27475,'10.00',NULL,NULL,1,52),(27476,'10.00',NULL,NULL,1,52),(27477,'10.00',NULL,NULL,1,52),(27478,'10.00',NULL,NULL,1,52),(27479,'10.00',NULL,NULL,1,52),(27480,'10.00',NULL,NULL,1,52),(27481,'10.00',NULL,NULL,1,52),(27482,'10.00',NULL,NULL,1,52),(27483,'10.00',NULL,NULL,1,52),(27484,'10.00',NULL,NULL,1,52),(27485,'10.00',NULL,NULL,1,52),(27486,'10.00',NULL,NULL,1,52),(27487,'10.00',NULL,NULL,1,52),(27488,'10.00',NULL,NULL,1,52),(27489,'10.00',NULL,NULL,1,52),(27490,'10.00',NULL,NULL,1,52),(27491,'10.00',NULL,NULL,1,52),(27492,'10.00',NULL,NULL,1,52),(27493,'10.00',NULL,NULL,1,52),(27494,'10.00',NULL,NULL,1,52),(27495,'10.00',NULL,NULL,1,52),(27496,'10.00',NULL,NULL,1,52),(27497,'10.00',NULL,NULL,1,52),(27498,'10.00',NULL,NULL,1,52),(27499,'10.00',NULL,NULL,1,52),(27500,'10.00',NULL,NULL,1,52),(27501,'10.00',NULL,NULL,1,52),(27502,'10.00',NULL,NULL,1,52),(27503,'10.00',NULL,NULL,1,52),(27504,'10.00',NULL,NULL,1,52),(27505,'10.00',NULL,NULL,1,52),(27506,'10.00',NULL,NULL,1,52),(27507,'10.00',NULL,NULL,1,52),(27508,'10.00',NULL,NULL,1,52),(27509,'10.00',NULL,NULL,1,52),(27510,'10.00',NULL,NULL,1,52),(27511,'10.00',NULL,NULL,1,52),(27512,'10.00',NULL,NULL,1,52),(27513,'10.00',NULL,NULL,1,52),(27514,'10.00',NULL,NULL,1,52),(27515,'10.00',NULL,NULL,1,52),(27516,'10.00',NULL,NULL,1,52),(27517,'10.00',NULL,NULL,1,52),(27518,'10.00',NULL,NULL,1,52),(27519,'10.00',NULL,NULL,1,52),(27520,'10.00',NULL,NULL,1,52),(27521,'10.00',NULL,NULL,1,52),(27522,'10.00',NULL,NULL,1,52),(27523,'10.00',NULL,NULL,1,52),(27524,'10.00',NULL,NULL,1,52),(27525,'10.00',NULL,NULL,1,52),(27526,'10.00',NULL,NULL,1,52),(27527,'10.00',NULL,NULL,1,52),(27528,'10.00',NULL,NULL,1,52),(27529,'10.00',NULL,NULL,1,52),(27530,'10.00',NULL,NULL,1,52),(27531,'10.00',NULL,NULL,1,52),(27532,'10.00',NULL,NULL,1,52),(27533,'10.00',NULL,NULL,1,52),(27534,'10.00',NULL,NULL,1,52),(27535,'10.00',NULL,NULL,1,52),(27536,'10.00',NULL,NULL,1,52),(27537,'10.00',NULL,NULL,1,52),(27538,'10.00',NULL,NULL,1,52),(27539,'10.00',NULL,NULL,1,52),(27540,'10.00',NULL,NULL,1,52),(27541,'10.00',NULL,NULL,1,52),(27542,'10.00',NULL,NULL,1,52),(27543,'10.00',NULL,NULL,1,52),(27544,'10.00',NULL,NULL,1,52),(27545,'10.00',NULL,NULL,1,52),(27546,'10.00',NULL,NULL,1,52),(27547,'10.00',NULL,NULL,1,52),(27548,'10.00',NULL,NULL,1,52),(27549,'10.00',NULL,NULL,1,52),(27550,'10.00',NULL,NULL,1,52),(27551,'10.00',NULL,NULL,1,52),(27552,'10.00',NULL,NULL,1,52),(27553,'10.00',NULL,NULL,1,52),(27554,'10.00',NULL,NULL,1,52),(27555,'10.00',NULL,NULL,1,52),(27556,'10.00',NULL,NULL,1,52),(27557,'10.00',NULL,NULL,1,52),(27558,'10.00',NULL,NULL,1,52),(27559,'10.00',NULL,NULL,1,52),(27560,'10.00',NULL,NULL,1,52),(27561,'10.00',NULL,NULL,1,52),(27562,'10.00',NULL,NULL,1,52),(27563,'10.00',NULL,NULL,1,52),(27564,'10.00',NULL,NULL,1,52),(27565,'10.00',NULL,NULL,1,52),(27566,'10.00',NULL,NULL,1,52),(27567,'10.00',NULL,NULL,1,52),(27568,'10.00',NULL,NULL,1,52),(27569,'10.00',NULL,NULL,1,52),(27570,'10.00',NULL,NULL,1,52),(27571,'10.00',NULL,NULL,1,52),(27572,'10.00',NULL,NULL,1,52),(27573,'10.00',NULL,NULL,1,52),(27574,'10.00',NULL,NULL,1,52),(27575,'10.00',NULL,NULL,1,52),(27576,'10.00',NULL,NULL,1,52),(27577,'10.00',NULL,NULL,1,52),(27578,'10.00',NULL,NULL,1,52),(27579,'10.00',NULL,NULL,1,52),(27580,'10.00',NULL,NULL,1,52),(27581,'10.00',NULL,NULL,1,52),(27582,'10.00',NULL,NULL,1,52),(27583,'10.00',NULL,NULL,1,52),(27584,'10.00',NULL,NULL,1,52),(27585,'10.00',NULL,NULL,1,52),(27586,'10.00',NULL,NULL,1,52),(27587,'10.00',NULL,NULL,1,52),(27588,'10.00',NULL,NULL,1,52),(27589,'10.00',NULL,NULL,1,52),(27590,'10.00',NULL,NULL,1,52),(27591,'10.00',NULL,NULL,1,52),(27592,'10.00',NULL,NULL,1,52),(27593,'10.00',NULL,NULL,1,52),(27594,'10.00',NULL,NULL,1,52),(27595,'10.00',NULL,NULL,1,52),(27596,'10.00',NULL,NULL,1,52),(27597,'10.00',NULL,NULL,1,52),(27598,'10.00',NULL,NULL,1,52),(27599,'10.00',NULL,NULL,1,52),(27600,'10.00',NULL,NULL,1,52),(27601,'10.00',NULL,NULL,1,52),(27602,'10.00',NULL,NULL,1,52),(27603,'10.00',NULL,NULL,1,52),(27604,'10.00',NULL,NULL,1,52),(27605,'10.00',NULL,NULL,1,52),(27606,'10.00',NULL,NULL,1,52),(27607,'10.00',NULL,NULL,1,52),(27608,'10.00',NULL,NULL,1,52),(27609,'10.00',NULL,NULL,1,52),(27610,'10.00',NULL,NULL,1,52),(27611,'10.00',NULL,NULL,1,52),(27612,'10.00',NULL,NULL,1,52),(27613,'10.00',NULL,NULL,1,52),(27614,'10.00',NULL,NULL,1,52),(27615,'10.00',NULL,NULL,1,52),(27616,'10.00',NULL,NULL,1,52),(27617,'10.00',NULL,NULL,1,52),(27618,'10.00',NULL,NULL,1,52),(27619,'10.00',NULL,NULL,1,52),(27620,'10.00',NULL,NULL,1,52),(27621,'10.00',NULL,NULL,1,52),(27622,'10.00',NULL,NULL,1,52),(27623,'10.00',NULL,NULL,1,52),(27624,'10.00',NULL,NULL,1,52),(27625,'10.00',NULL,NULL,1,52),(27626,'10.00',NULL,NULL,1,52),(27627,'10.00',NULL,NULL,1,52),(27628,'10.00',NULL,NULL,1,52),(27629,'10.00',NULL,NULL,1,52),(27630,'10.00',NULL,NULL,1,52),(27631,'10.00',NULL,NULL,1,52),(27632,'10.00',NULL,NULL,1,52),(27633,'10.00',NULL,NULL,1,52),(27634,'10.00',NULL,NULL,1,52),(27635,'10.00',NULL,NULL,1,52),(27636,'10.00',NULL,NULL,1,52),(27637,'10.00',NULL,NULL,1,52),(27638,'10.00',NULL,NULL,1,52),(27639,'10.00',NULL,NULL,1,52),(27640,'10.00',NULL,NULL,1,52),(27641,'10.00',NULL,NULL,1,52),(27642,'10.00',NULL,NULL,1,52),(27643,'10.00',NULL,NULL,1,52),(27644,'10.00',NULL,NULL,1,52),(27645,'10.00',NULL,NULL,1,52),(27646,'10.00',NULL,NULL,1,52),(27647,'10.00',NULL,NULL,1,52),(27648,'10.00',NULL,NULL,1,52),(27649,'10.00',NULL,NULL,1,52),(27650,'10.00',NULL,NULL,1,52),(27651,'10.00',NULL,NULL,1,52),(27652,'10.00',NULL,NULL,1,52),(27653,'10.00',NULL,NULL,1,52),(27654,'10.00',NULL,NULL,1,52),(27655,'10.00',NULL,NULL,1,52),(27656,'10.00',NULL,NULL,1,52),(27657,'10.00',NULL,NULL,1,52),(27658,'10.00',NULL,NULL,1,52),(27659,'10.00',NULL,NULL,1,52),(27660,'10.00',NULL,NULL,1,52),(27661,'10.00',NULL,NULL,1,52),(27662,'10.00',NULL,NULL,1,52),(27663,'10.00',NULL,NULL,1,52),(27664,'10.00',NULL,NULL,1,52),(27665,'10.00',NULL,NULL,1,52),(27666,'10.00',NULL,NULL,1,52),(27667,'10.00',NULL,NULL,1,52),(27668,'10.00',NULL,NULL,1,52),(27669,'10.00',NULL,NULL,1,52),(27670,'10.00',NULL,NULL,1,52),(27671,'10.00',NULL,NULL,1,52),(27672,'10.00',NULL,NULL,1,52),(27673,'10.00',NULL,NULL,1,52),(27674,'10.00',NULL,NULL,1,52),(27675,'10.00',NULL,NULL,1,52),(27676,'10.00',NULL,NULL,1,52),(27677,'10.00',NULL,NULL,1,52),(27678,'10.00',NULL,NULL,1,52),(27679,'10.00',NULL,NULL,1,52),(27680,'10.00',NULL,NULL,1,52),(27681,'10.00',NULL,NULL,1,52),(27682,'10.00',NULL,NULL,1,52),(27683,'10.00',NULL,NULL,1,52),(27684,'10.00',NULL,NULL,1,52),(27685,'10.00',NULL,NULL,1,52),(27686,'10.00',NULL,NULL,1,52),(27687,'10.00',NULL,NULL,1,52),(27688,'10.00',NULL,NULL,1,52),(27689,'10.00',NULL,NULL,1,52),(27690,'10.00',NULL,NULL,1,52),(27691,'10.00',NULL,NULL,1,52),(27692,'10.00',NULL,NULL,1,52),(27693,'10.00',NULL,NULL,1,52),(27694,'10.00',NULL,NULL,1,52),(27695,'10.00',NULL,NULL,1,52),(27696,'10.00',NULL,NULL,1,52),(27697,'10.00',NULL,NULL,1,52),(27698,'10.00',NULL,NULL,1,52),(27699,'10.00',NULL,NULL,1,52),(27700,'10.00',NULL,NULL,1,52),(27701,'10.00',NULL,NULL,1,52),(27702,'10.00',NULL,NULL,1,52),(27703,'10.00',NULL,NULL,1,52),(27704,'10.00',NULL,NULL,1,52),(27705,'10.00',NULL,NULL,1,52),(27706,'10.00',NULL,NULL,1,52),(27707,'10.00',NULL,NULL,1,52),(27708,'10.00',NULL,NULL,1,52),(27709,'10.00',NULL,NULL,1,52),(27710,'10.00',NULL,NULL,1,52),(27711,'10.00',NULL,NULL,1,52),(27712,'10.00',NULL,NULL,1,52),(27713,'10.00',NULL,NULL,1,52),(27714,'10.00',NULL,NULL,1,52),(27715,'10.00',NULL,NULL,1,52),(27716,'10.00',NULL,NULL,1,52),(27717,'10.00',NULL,NULL,1,52),(27718,'10.00',NULL,NULL,1,52),(27719,'10.00',NULL,NULL,1,52),(27720,'10.00',NULL,NULL,1,52),(27721,'10.00',NULL,NULL,1,52),(27722,'10.00',NULL,NULL,1,52),(27723,'10.00',NULL,NULL,1,52),(27724,'10.00',NULL,NULL,1,52),(27725,'10.00',NULL,NULL,1,52),(27726,'10.00',NULL,NULL,1,52),(27727,'10.00',NULL,NULL,1,52),(27728,'10.00',NULL,NULL,1,52),(27729,'10.00',NULL,NULL,1,52),(27730,'10.00',NULL,NULL,1,52),(27731,'10.00',NULL,NULL,1,52),(27732,'10.00',NULL,NULL,1,52),(27733,'10.00',NULL,NULL,1,52),(27734,'10.00',NULL,NULL,1,52),(27735,'10.00',NULL,NULL,1,52),(27736,'10.00',NULL,NULL,1,52),(27737,'10.00',NULL,NULL,1,52),(27738,'10.00',NULL,NULL,1,52),(27739,'10.00',NULL,NULL,1,52),(27740,'10.00',NULL,NULL,1,52),(27741,'10.00',NULL,NULL,1,52),(27742,'10.00',NULL,NULL,1,52),(27743,'10.00',NULL,NULL,1,52),(27744,'10.00',NULL,NULL,1,52),(27745,'10.00',NULL,NULL,1,52),(27746,'10.00',NULL,NULL,1,52),(27747,'10.00',NULL,NULL,1,52),(27748,'10.00',NULL,NULL,1,52),(27749,'10.00',NULL,NULL,1,52),(27750,'10.00',NULL,NULL,1,52),(27751,'10.00',NULL,NULL,1,52),(27752,'10.00',NULL,NULL,1,52),(27753,'10.00',NULL,NULL,1,52),(27754,'10.00',NULL,NULL,1,52),(27755,'10.00',NULL,NULL,1,52),(27756,'10.00',NULL,NULL,1,52),(27757,'10.00',NULL,NULL,1,52),(27758,'10.00',NULL,NULL,1,52),(27759,'10.00',NULL,NULL,1,52),(27760,'10.00',NULL,NULL,1,52),(27761,'10.00',NULL,NULL,1,52),(27762,'10.00',NULL,NULL,1,52),(27763,'10.00',NULL,NULL,1,52),(27764,'10.00',NULL,NULL,1,52),(27765,'10.00',NULL,NULL,1,52),(27766,'10.00',NULL,NULL,1,52),(27767,'10.00',NULL,NULL,1,52),(27768,'10.00',NULL,NULL,1,52),(27769,'10.00',NULL,NULL,1,52);
/*!40000 ALTER TABLE `ticket` ENABLE KEYS */;
UNLOCK TABLES;

--
-- Table structure for table `user`
--

DROP TABLE IF EXISTS `user`;
/*!40101 SET @saved_cs_client     = @@character_set_client */;
/*!40101 SET character_set_client = utf8 */;
CREATE TABLE `user` (
  `isAdmin` tinyint(1) NOT NULL DEFAULT '0',
  `name` varchar(45) NOT NULL,
  `email` varchar(45) NOT NULL,
  `password` varchar(45) NOT NULL,
  `isAuthenticated` tinyint(1) NOT NULL,
  `isActive` tinyint(1) NOT NULL DEFAULT '1',
  PRIMARY KEY (`email`)
) ENGINE=InnoDB DEFAULT CHARSET=utf8;
/*!40101 SET character_set_client = @saved_cs_client */;

--
-- Dumping data for table `user`
--

LOCK TABLES `user` WRITE;
/*!40000 ALTER TABLE `user` DISABLE KEYS */;
INSERT INTO `user` VALUES (1,'Abram Stamper','abram.j.stamper@me.com','pass',0,1),(1,'admin','admin@admin.com','admin',0,1),(0,'Danielle Spoutz','danielle_spoutz@taylor.edu','pass',0,1),(0,'Darius Farmer','darius_farmer@taylor.edu','pass',0,1),(0,'Rachel Dalland','rachel_dalland@taylor.edu','pass',0,1),(0,'Steve Austin','steve_austin@taylor.edu','pass',0,1),(0,'Wil Story','wil_story@taylor.edu','pass',0,1);
/*!40000 ALTER TABLE `user` ENABLE KEYS */;
UNLOCK TABLES;

--
-- Table structure for table `vendor`
--

DROP TABLE IF EXISTS `vendor`;
/*!40101 SET @saved_cs_client     = @@character_set_client */;
/*!40101 SET character_set_client = utf8 */;
CREATE TABLE `vendor` (
  `id` int(11) NOT NULL AUTO_INCREMENT,
  `name` varchar(45) NOT NULL,
  `phone` varchar(45) DEFAULT NULL,
  `address` varchar(45) DEFAULT NULL,
  `email` varchar(45) NOT NULL,
  `city` varchar(45) DEFAULT NULL,
  `state` varchar(2) DEFAULT NULL,
  `zip` varchar(45) DEFAULT NULL,
  PRIMARY KEY (`id`)
) ENGINE=InnoDB AUTO_INCREMENT=8 DEFAULT CHARSET=utf8;
/*!40101 SET character_set_client = @saved_cs_client */;

--
-- Dumping data for table `vendor`
--

LOCK TABLES `vendor` WRITE;
/*!40000 ALTER TABLE `vendor` DISABLE KEYS */;
INSERT INTO `vendor` VALUES (1,'Taylor University','765-998-2751','236 W Reade Ave','taylor@taylor.edu','Upland','IN','46989'),(2,'SineWave','765-374-3845','4518 Madison Ave','sinewave@sinewaveaudio.com','Anderson','IN','46013'),(3,'Creative Dinning Services','765-998-5234','236 W Reade Ave','dinning@taylor.edu','Upland','IN','46989'),(4,'A1-For-Fun','765-717-3098','3308 N Wheeling Ave','fun@a1forfun.com','Muncie','IN','47303'),(5,'Sunbelt Rentals','765-457-5331','850 Daniel Drive','sunbelt@sunbelt.com','Kokomo','IN','46902'),(6,'Walmart of Marion','765-662-0809','3240 Southwestern','walmart@walmart.com','Marion','IN','46953'),(7,'AAA DJ Company','765-457-6716','130 S Forest Dr','abram@aaadjco.com','Kokomo','IN','46901');
/*!40000 ALTER TABLE `vendor` ENABLE KEYS */;
UNLOCK TABLES;
/*!40103 SET TIME_ZONE=@OLD_TIME_ZONE */;

/*!40101 SET SQL_MODE=@OLD_SQL_MODE */;
/*!40014 SET FOREIGN_KEY_CHECKS=@OLD_FOREIGN_KEY_CHECKS */;
/*!40014 SET UNIQUE_CHECKS=@OLD_UNIQUE_CHECKS */;
/*!40101 SET CHARACTER_SET_CLIENT=@OLD_CHARACTER_SET_CLIENT */;
/*!40101 SET CHARACTER_SET_RESULTS=@OLD_CHARACTER_SET_RESULTS */;
/*!40101 SET COLLATION_CONNECTION=@OLD_COLLATION_CONNECTION */;
/*!40111 SET SQL_NOTES=@OLD_SQL_NOTES */;

-- Dump completed on 2016-05-10  0:19:51
